Country,Type,Capability,Price,Status,Previous Status,Date Of Status Change,Customer-ready explanation,Reseller Limitations,Twilio Regulatory Requirements,Twilio Regulatory Requirements Updates,Expected Delivery,Businesses Address Requirement,Individual's Address Requirements,,,,,
Argentina,Toll-Free,Voice,25.0,GA,Beta,3/1/2024 4:55 AM,,,https://www.twilio.com/en-us/guidelines/ar/regulatory,9/19/2024,,Must be within country.,Must be within country.,,,,,
Argentina,Local,Voice,8.0,GA,,,,,https://www.twilio.com/en-us/guidelines/ar/regulatory,9/19/2024,,Must be within locality or region covered by the phone number's prefix.,Must be within locality or region covered by the phone number's prefix.,,,,,
Australia,Mobile,Voice + SMS,8.25,GA,,9/16/2025 9:51 PM,,,https://www.twilio.com/en-us/guidelines/au/regulatory,,,May be anywhere in the world.,May be anywhere in the world.,,,,,
Australia,Mobile,Voice + SMS + MMS,8.25,GA,,,,,https://www.twilio.com/en-us/guidelines/au/regulatory,,,May be anywhere in the world.,May be anywhere in the world.,,,,,
Australia,Toll-Free,Voice,20.0,GA,,,,,https://www.twilio.com/en-us/guidelines/au/regulatory,9/17/2025,,May be anywhere in the world.,May be anywhere in the world.,,,,,
Australia,Local,Voice,3.0,GA,,,,,https://www.twilio.com/en-us/guidelines/au/regulatory,2025-09-09 00:00:00,,Must be within country.,Must be within country.,,,,,
Australia,Mobile,SMS,8.25,GA,,,,,https://www.twilio.com/en-us/guidelines/au/regulatory,,,May be anywhere in the world.,May be anywhere in the world.,,,,,
Australia,Shared Cost,Voice,16.0,Private Offering,GA,11/21/2022 4:56 AM,System limitations,,https://www.twilio.com/en-us/guidelines/au/regulatory,,1-2 weeks,May be anywhere in the world.,May be anywhere in the world.,,,,,
Austria,Mobile,Voice + SMS,6.0,GA,Private Offering,1/15/2021 11:13 AM,,,https://www.twilio.com/en-us/guidelines/at/regulatory,4/16/2025,,Must be within country.,Must be within country.,,,,,
Austria,National,Voice,1.0,GA,Beta,3/1/2024 4:55 AM,,,https://www.twilio.com/en-us/guidelines/at/regulatory,4/16/2025,,Must be within country.,Must be within country.,,,,,
Austria,Toll-Free,Voice,25.0,GA,Beta,3/1/2024 4:51 AM,,,https://www.twilio.com/en-us/guidelines/at/regulatory,,,Must be within country.,Must be within country.,,,,,
Austria,Local,Voice,1.0,GA,Private Offering,2/18/2021 9:38 PM,,,https://www.twilio.com/en-us/guidelines/at/regulatory,4/16/2025,,Must be within locality or region covered by the phone number's prefix.,Must be within locality or region covered by the phone number's prefix.,,,,,
Bahrain,Toll-Free,Voice,95.0,Private Offering,Unavailable,6/2/2025 3:56 AM,,,https://www.twilio.com/en-us/guidelines/bh/regulatory,2/17/2025,3-4 weeks,May be anywhere in the world.,May be anywhere in the world.,,,,,
Barbados,Local,Voice,27.0,Private Offering,GA,9/9/2024 10:17 AM,Systematic constraints,,https://www.twilio.com/en-us/guidelines/bb/regulatory,2024-02-10 00:00:00,1-3 weeks,Must be within locality or region covered by the phone number’s prefix.,Must be within locality or region covered by the phone number's prefix.,,,,,
Belgium,Mobile,Voice + SMS,1.25,GA,Private Offering,3/13/2026 7:03 AM,,,https://www.twilio.com/en-us/guidelines/be/regulatory,2025-07-08 00:00:00,,Must be within country.,Must be within country.,,,,,
Belgium,Toll-Free,Voice,25.0,GA,Beta,3/1/2024 4:50 AM,,,https://www.twilio.com/en-us/guidelines/be/regulatory,,,Must be within country.,Must be within country.,,,,,
Belgium,Local,Voice,1.25,Private Offering,,,,,https://www.twilio.com/en-us/guidelines/be/regulatory,,1-3 days,Must be within locality or region covered by the phone number's prefix.,Must be within locality or region covered by the phone number's prefix.,,,,,
Belize,Toll-Free,Voice,70.0,Private Offering,Unavailable,1/20/2026 6:24 AM,,,https://www.twilio.com/en-us/guidelines/bz/regulatory,1/20/2026,3 - 5 Days,May be anywhere in the world.,May be anywhere in the world.,,,,,
Benin,Mobile,Voice,27.0,GA,,,,,https://www.twilio.com/en-us/guidelines/bj/regulatory,,,Must be within country.,Must be within country.,,,,,
Bosnia and Herzegovina,National,Voice,42.0,Private Offering,GA,6/4/2025 11:58 AM,Systematic constraints.,,https://www.twilio.com/en-us/guidelines/ba/regulatory,11/21/2025,5-10 days,Must be within country.,Must be within locality or region covered by the phone number's prefix.,,,,,
Brazil,Active Telemarketing (0303),Voice,10.0,Private Offering,,,New name for the previously used 'Shared Cost' number type,,https://www.twilio.com/en-us/guidelines/br/regulatory,,4-6 weeks,Must be within country.,Must be within country.,,,,,
Brazil,Mobile,Voice + SMS,8.0,Private Offering,,,,,https://www.twilio.com/en-us/guidelines/br/regulatory,,1-5 days,Must be within country.,Must be within country.,,,,,
Brazil,National,Voice,10.0,Private Offering,Beta,1/23/2023 7:52 AM,Systematic constraints,,https://www.twilio.com/en-us/guidelines/br/regulatory,,3-5 business days,Must be within country.,Must be within country.,,,,,
Brazil,Toll-Free,Voice,38.5,Private Offering,Paused,1/11/2024 1:47 AM,Regulatory constraints,,https://www.twilio.com/en-us/guidelines/br/regulatory,5/28/2024,15-30 business days,Must be within country.,N/A,,,,,
Brazil,Local,Voice,4.25,GA,,,,,https://www.twilio.com/en-us/guidelines/br/regulatory,,,Must be within country.,Must be within country.,,,,,
Bulgaria,Toll-Free,Voice,110.0,GA,Beta,3/1/2024 4:50 AM,,,https://www.twilio.com/en-us/guidelines/bg/regulatory,,,May be anywhere in the world.,Must be within locality or region covered by the phone number's prefix.,,,,,
Bulgaria,Local,Voice,3.0,Private Offering,GA,10/31/2024 12:31 PM,Systematic constraints,,https://www.twilio.com/en-us/guidelines/bg/regulatory,10/16/2025,1-2 weeks,Must be within locality or region covered by the phone number's prefix.,Must be within locality or region covered by the phone number's prefix.,,,,,
Canada,Toll-Free,Voice + SMS + MMS,2.15,GA,,,,,N/A,,,May be anywhere in the world.,May be anywhere in the world.,,,,,
Canada,Local,Voice + SMS + MMS,1.15,GA,Standard Porting,4/29/2021 4:21 AM,,,N/A,,,May be anywhere in the world.,May be anywhere in the world.,,,,,
Chile,Unsolicited Communications (0809),Voice,,GA,Unavailable,7/29/2025 5:25 AM,Numbers for Unsolicited Mass Communication (unwanted calls to end-user),,https://www.twilio.com/en-us/guidelines/cl/regulatory,7/24/2025,,Must be within country.,Must be within country.,,,,,
Chile,Requested Communications (0600),Voice,,GA,Unavailable,7/29/2025 5:25 AM,Numbers for Requested Mass Communication (wanted calls to end-user),,https://www.twilio.com/en-us/guidelines/cl/regulatory,7/24/2025,,Must be within country.,Must be within country.,,,,,
Chile,Local,Voice + SMS,7.0,GA,Private Offering,4/7/2025 3:31 PM,,,https://www.twilio.com/en-us/guidelines/cl/regulatory,7/18/2025,,Must be within country.,Must be within country.,,,,,
Chile,Toll-Free,Voice,275.0,Private Offering,Preview,5/8/2023 5:05 AM,,,https://www.twilio.com/en-us/guidelines/cl/regulatory,2024-02-10 00:00:00,SPECIAL ORDER 3-4 weeks,Must be within country.,Must be within country.,,,,,
Chile,Mobile,SMS,10.0,Paused,GA,9/30/2024 8:06 AM,Supplier constraints,,https://www.twilio.com/en-us/guidelines/cl/regulatory,2024-02-10 00:00:00,,Must be within country.,Must be within country.,,,,,
Colombia,Toll-Free,Voice,25.0,GA,Beta,3/1/2024 4:49 AM,,,https://www.twilio.com/en-us/guidelines/co/regulatory,,,May be anywhere in the world.,May be anywhere in the world.,,,,,
Colombia,Local,Voice,14.0,GA,,,,,https://www.twilio.com/en-us/guidelines/co/regulatory,,,Must be within locality or region covered by the phone number's prefix.,Must be within locality or region covered by the phone number's prefix.,,,,,
Costa Rica,National,Voice,21.0,Private Offering,Preview,5/10/2023 5:44 AM,,,https://www.twilio.com/en-us/guidelines/cr/regulatory,,SPECIAL ORDER 3-4 weeks,Must be within country.,Must be within country.,,,,,
Costa Rica,Toll-Free,Voice,25.0,Private Offering,Preview,5/8/2023 5:05 AM,,,https://www.twilio.com/en-us/guidelines/cr/regulatory,,1-2 weeks,May be anywhere in the world.,N/A,,,,,
Croatia,Toll-Free,Voice,19.0,GA,Beta,3/1/2024 4:49 AM,,,https://www.twilio.com/en-us/guidelines/hr/regulatory,,,Must be within country.,Must be within country.,,,,,
Croatia,Local,Voice,5.0,Private Offering,GA,2/18/2026 8:11 AM,Systematic constraints,,https://www.twilio.com/en-us/guidelines/hr/regulatory,,1-2 days,Must be within locality or region covered by the phone number's prefix.,Must be within locality or region covered by the phone number's prefix.,,,,,
Cyprus,Local,Voice,7.0,Paused,,,Supplier constraints: exploration of re-launching in progress,,https://www.twilio.com/en-us/guidelines/cy/regulatory,,,Must be within locality or region covered by the phone number's prefix.,N/A,,,,,
Czech Republic,National,Voice,1.5,GA,,,,,https://www.twilio.com/en-us/guidelines/cz/regulatory,,,May be anywhere in the world.,May be anywhere in the world.,,,,,
Czech Republic,Toll-Free,Voice,35.0,GA,Preview,5/11/2021 12:53 AM,,,https://www.twilio.com/en-us/guidelines/cz/regulatory,,,May be anywhere in the world.,May be anywhere in the world.,,,,,
Czech Republic,Local,Voice,1.5,Private Offering,GA,2/19/2026 4:34 AM,Systematic constraints,,https://www.twilio.com/en-us/guidelines/cz/regulatory,,1-2 days,Must be within locality or region covered by the phone number's prefix.,Must be within locality or region covered by the phone number's prefix.,,,,,
Czech Republic,Mobile,SMS,12.0,GA,,,,,https://www.twilio.com/en-us/guidelines/cz/regulatory,,,May be anywhere in the world.,May be anywhere in the world.,,,,,
Denmark,Mobile,Voice + SMS,15.0,GA,Paused,9/28/2021 11:12 AM,,,https://www.twilio.com/en-us/guidelines/dk/regulatory,,,Must be within country.,Must be within country.,,,,,
Denmark,Toll-Free,Voice,34.25,Private Offering,GA,11/5/2024 5:06 AM,Systematic constraints,,https://www.twilio.com/en-us/guidelines/dk/regulatory,,1-2 weeks,Must be within country.,Must be within country.,,,,,
Denmark,Local,Voice,2.0,Private Offering,,,,,https://www.twilio.com/en-us/guidelines/dk/regulatory,,1-5 days,Must be within country.,Must be within country.,,,,,
Dominican Republic,Toll-Free,Voice,159.0,Private Offering,Preview,5/10/2023 5:43 AM,,,https://www.twilio.com/en-us/guidelines/do/regulatory,,2-3 weeks,May be anywhere in the world.,May be anywhere in the world.,,,,,
Dominican Republic,Local,Voice,7.0,Private Offering,Paused,9/4/2022 6:05 PM,,,https://www.twilio.com/en-us/guidelines/do/regulatory,,1-2 weeks,Must be within country.,Must be within locality or region covered by the phone number's prefix.,,,,,
Ecuador,Toll-Free,Voice,285.0,Private Offering,Unavailable,9/12/2025 8:36 AM,,,https://www.twilio.com/en-us/guidelines/ec/regulatory,,1-2 weeks,May be anywhere in the world.,May be anywhere in the world.,,,,,
Ecuador,Local,Voice,34.0,GA,,,,,https://www.twilio.com/en-us/guidelines/ec/regulatory,,,Must be within locality or region covered by the phone number's prefix.,Must be within locality or region covered by the phone number's prefix.,,,,,
Egypt,Toll-Free,Voice,50.0,Private Offering,Preview,5/9/2023 6:55 AM,,,https://www.twilio.com/en-us/guidelines/eg/regulatory,2025-11-02 00:00:00,3-4 weeks,May be anywhere in the world.,May be anywhere in the world.,,,,,
El Salvador,Toll-Free,Voice,10.0,Private Offering,,,,,No regulatory requirements,,1-2 weeks,Address can be anywhere in the world,Address can be anywhere in the world,,,,,
El Salvador,Local,Voice,9.0,GA,,,,,https://www.twilio.com/en-us/guidelines/sv/regulatory,,,Must be within locality or region covered by the phone number's prefix.,Must be within locality or region covered by the phone number's prefix.,,,,,
Estonia,Mobile,Voice + SMS,3.0,GA,Unavailable,11/6/2024 1:20 AM,,,https://www.twilio.com/en-us/guidelines/ee/regulatory,,,May be anywhere in the world.,May be anywhere in the world.,,,,,
Estonia,National,Voice,1.0,GA,,,,,https://www.twilio.com/en-us/guidelines/ee/regulatory,,,May be anywhere in the world.,May be anywhere in the world.,,,,,
Estonia,Toll-Free,Voice,38.0,GA,Paused,6/14/2024 4:33 AM,,,https://www.twilio.com/en-us/guidelines/ee/regulatory,6/13/2024,,May be anywhere in the world.,May be anywhere in the world.,,,,,
Finland,Mobile,Voice + SMS,5.0,GA,Scouting,2/18/2021 9:40 PM,,,https://www.twilio.com/en-us/guidelines/fi/regulatory,,,N/A,N/A,,,,,
Finland,Toll-Free,Voice,40.0,GA,Beta,3/1/2024 4:49 AM,,,https://www.twilio.com/en-us/guidelines/fi/regulatory,,,N/A,N/A,,,,,
Finland,Local,Voice,1.0,Private Offering,,,,,https://www.twilio.com/en-us/guidelines/fi/regulatory,,1-5 days,Must be within locality or region covered by the phone number's prefix.,Must be within locality or region covered by the phone number's prefix.,,,,,
France,Polyvalent Numbers,Voice,1.35,GA,Private Offering,9/30/2025 3:50 AM,,,https://www.twilio.com/en-us/guidelines/fr/regulatory,2025-11-09 00:00:00,,Must be within country.,Must be within country.,,,,,
France,Technical Platform Numbers,Voice + SMS,1.35,GA,Private Offering,9/29/2025 9:20 AM,,,https://www.twilio.com/en-us/guidelines/fr/regulatory,2025-11-09 00:00:00,,Must be within country.,Must be within country.,,,,,
France,Mobile,Voice + SMS,2.0,Private Offering,Paused,7/5/2024 1:50 AM,,,https://www.twilio.com/en-us/guidelines/fr/regulatory,2025-11-09 00:00:00,1-3 days,Must be within country.,Must be within country.,,,,,
France,National,Voice,1.35,GA,Private Offering,9/30/2025 3:51 AM,,,https://www.twilio.com/en-us/guidelines/fr/regulatory,2025-11-09 00:00:00,,Must be within country.,Must be within country.,,,,,
France,Toll-Free,Voice,25.0,Private Offering,Preview,5/21/2021 12:55 AM,,,https://www.twilio.com/en-us/guidelines/fr/regulatory,2025-11-09 00:00:00,1-5 days,N/A,N/A,,,,,
France,Local,Voice,1.35,GA,Private Offering,9/29/2025 9:20 AM,,,https://www.twilio.com/en-us/guidelines/fr/regulatory,2025-11-09 00:00:00,,Must be within country.,Must be within country.,,,,,
Germany,Mobile,Voice + SMS,30.0,GA,Private Offering,6/20/2025 11:33 AM,,,https://www.twilio.com/en-us/guidelines/de/regulatory,2025-11-09 00:00:00,,Must be within country.,N/A,,,,,
Germany,Toll-Free,Voice,25.0,Private Offering,Paused,10/15/2020 1:49 AM,,,https://www.twilio.com/en-us/guidelines/de/regulatory,,1-2 weeks,N/A,N/A,,,,,
Germany,Local,Voice,1.35,GA,Private Offering,12/18/2020 12:36 PM,,,https://www.twilio.com/en-us/guidelines/de/regulatory,2025-11-09 00:00:00,,Must be within locality or region covered by the phone number's prefix.,N/A,,,,,
Ghana,Mobile,Voice,27.0,Private Offering,GA,7/29/2025 3:45 AM,,,https://www.twilio.com/en-us/guidelines/gh/regulatory,7/17/2025,4-5 weeks,Must be within country.,N/A,,,,,
Greece,Toll-Free,Voice,25.0,Private Offering,,,,,https://www.twilio.com/en-us/guidelines/gr/regulatory,,1-2 weeks,May be anywhere in the world.,May be anywhere in the world.,,,,,
Grenada,Local,Voice,27.0,Private Offering,GA,9/9/2024 10:18 AM,Systematic constraints,,https://www.twilio.com/en-us/guidelines/gd/regulatory,2024-02-10 00:00:00,,Must be within locality or region covered by the phone number's prefix.,Must be within locality or region covered by the phone number's prefix.,,,,,
Honduras,Toll-Free,Voice,100.0,Private Offering,Unavailable,11/2/2025 10:21 AM,,,,,1-2 weeks,,,,,,,
Hong Kong,Mobile,Voice + SMS,15.0,GA,Unavailable,8/4/2025 1:16 AM,,,https://www.twilio.com/en-us/guidelines/hk/regulatory,7/31/2025,,May be anywhere in the world.,May be anywhere in the world.,,,,,
Hong Kong,National,Voice,6.0,Private Offering,GA,11/24/2025 10:38 PM,Regulatory constraints,,https://www.twilio.com/en-us/guidelines/hk/regulatory,,3-4 weeks,May be anywhere in the world.,,,,,,
Hong Kong,Toll-Free,Voice,25.0,GA,,,,,https://www.twilio.com/en-us/guidelines/hk/regulatory,,,May be anywhere in the world.,May be anywhere in the world.,,,,,
Hungary,Toll-Free,Voice,25.0,Private Offering,,,,,https://www.twilio.com/en-us/guidelines/hu/regulatory,,2-3 weeks,Must be within country.,Must be within country.,,,,,
Hungary,Local,Voice,4.0,Private Offering,GA,1/11/2024 12:19 AM,Supplier constraints,,https://www.twilio.com/en-us/guidelines/hu/regulatory,10/16/2025,1-2 weeks,Must be within locality or region covered by the phone number's prefix.,Must be within locality or region covered by the phone number's prefix.,,,,,
Hungary,Mobile,SMS,35.0,GA,,,,,https://www.twilio.com/en-us/guidelines/hu/regulatory,,,Must be within country.,Must be within country.,,,,,
Iceland,National,Voice,5.0,Private Offering,Unavailable,9/17/2025 4:05 AM,Supplier constraints. Please note that these phone numbers cannot be ported away. This country/number type is identical to the previously offered Iceland Local numbers. Please use the Iceland National regulatory bundle for this purchase.,,https://www.twilio.com/en-us/guidelines/is/regulatory,2024-10-07 00:00:00,2-7 days,Must be within country.,Must be within country.,,,,,
Iceland,Mobile,SMS,1.0,Private Offering,GA,10/18/2022 1:10 AM,Supplier constraints,,https://www.twilio.com/en-us/guidelines/is/regulatory,,2-7 days,Must be within country.,Must be within country.,,,,,
India,Toll-Free,Voice,20.0,Private Offering,Paused,1/11/2022 11:58 PM,,,https://www.twilio.com/en-us/guidelines/in/regulatory,2025-11-02 00:00:00,1-2 weeks,Must be outside of country.,Must be outside of country.,,,,,
Indonesia,Mobile,Voice,3.0,Private Offering,,,,,https://www.twilio.com/en-us/guidelines/id/regulatory,,3-5 days,May be anywhere in the world.,May be anywhere in the world.,,,,,
Indonesia,Toll-Free,Voice,25.0,GA,Beta,3/1/2024 4:49 AM,,,https://www.twilio.com/en-us/guidelines/id/regulatory,,,May be anywhere in the world.,May be anywhere in the world.,,,,,
Indonesia,Local,Voice,23.0,GA,,,,,https://www.twilio.com/en-us/guidelines/id/regulatory,,,Must be within locality or region covered by the phone number's prefix.,Must be within locality or region covered by the phone number's prefix.,,,,,
Ireland,Toll-Free,Voice,25.0,Private Offering,,,,,https://www.twilio.com/en-us/guidelines/ie/regulatory,,2-3 weeks,May be anywhere in the world.,N/A,,,,,
Ireland,Local,Voice,1.6,GA,Private Offering,5/6/2021 10:53 AM,,,https://www.twilio.com/en-us/guidelines/ie/regulatory,4/28/2025,,Must be within locality or region covered by the phone number's prefix.,Must be within locality or region covered by the phone number's prefix.,,,,,
Isle of Man,Mobile,Voice,1.0,Private Offering,Preview,5/9/2023 6:54 AM,,,https://www.twilio.com/en-us/guidelines/im/regulatory,,2-3 weeks,May be anywhere in the world.,May be anywhere in the world.,,,,,
Israel,Mobile,Voice + SMS,15.0,GA,,,,,N/A,,,N/A,N/A,,,,,
Israel,National,Voice,5.5,GA,,,,,N/A,,,N/A,N/A,,,,,
Israel,Toll-Free,Voice,22.0,GA,Beta,3/1/2024 4:48 AM,,,N/A,,,N/A,N/A,,,,,
Israel,Local,Voice,5.5,GA,,,,,N/A,,,N/A,N/A,,,,,
Italy,Toll-Free,Voice,27.0,GA,Paused,5/8/2025 3:11 AM,,,https://www.twilio.com/en-us/guidelines/it/regulatory,,,May be anywhere in the world.,N/A,,,,,
Italy,Local,Voice,3.0,Private Offering,,,,,https://www.twilio.com/en-us/guidelines/it/regulatory,,3-5 days,Must be within locality or region covered by the phone number's prefix.,Must be within locality or region covered by the phone number's prefix.,,,,,
Italy,Mobile,SMS,45.0,GA,Beta,3/1/2024 4:42 AM,,,https://www.twilio.com/en-us/guidelines/it/regulatory,,,May be anywhere in the world.,May be anywhere in the world.,,,,,
Jamaica,Local,Voice,27.0,Paused,Private Offering,4/7/2025 3:01 PM,Supplier constraints,,https://www.twilio.com/en-us/guidelines/jm/regulatory,,6-8 weeks,Must be within locality or region covered by the phone number's prefix.,Must be within locality or region covered by the phone number's prefix.,,,,,
Japan,National,Voice,4.75,GA,,,,,https://www.twilio.com/en-us/guidelines/jp/regulatory,2025-06-06 00:00:00,,Must be within country.,N/A,,,,,
Japan,Toll-Free,Voice,25.0,GA,,,,,https://www.twilio.com/en-us/guidelines/jp/regulatory,2025-06-06 00:00:00,,Must be within country.,N/A,,,,,
Japan,Local,Voice,20.0,GA,Private Offering,2/26/2025 2:39 AM,,Numbers are not available for Resellers,https://www.twilio.com/en-us/guidelines/jp/regulatory,2025-06-06 00:00:00,,Must be within locality or region covered by the phone number's prefix.,N/A,,,,,
Jordan,Toll-Free,Voice,25.0,Private Offering,Preview,5/10/2023 5:43 AM,,,https://www.twilio.com/en-us/guidelines/jo/regulatory,,SPECIAL ORDER 2-3 weeks,May be anywhere in the world.,May be anywhere in the world.,,,,,
Kenya,Local,Voice,16.0,GA,,,,,https://www.twilio.com/en-us/guidelines/ke/regulatory,,,Must be within locality or region covered by the phone number's prefix.,Must be within locality or region covered by the phone number's prefix.,,,,,
Lithuania,Local,Voice,1.0,Paused,Private Offering,8/29/2025 2:06 AM,Supplier Constraints,,https://www.twilio.com/en-us/guidelines/lt/regulatory,,2-3 weeks,Must be within country.,Must be within country.,,,,,
Lithuania,Mobile,SMS,4.0,GA,,,,,https://www.twilio.com/en-us/guidelines/lt/regulatory,,,May be anywhere in the world.,May be anywhere in the world.,,,,,
Luxembourg,Toll-Free,Voice,63.0,GA,Private Offering,3/17/2026 6:58 AM,,,https://www.twilio.com/en-us/guidelines/lu/regulatory,,,Must be within country.,Must be within country.,,,,,
Luxembourg,Local,Voice,3.0,GA,Private Offering,3/17/2026 6:56 AM,,,https://www.twilio.com/en-us/guidelines/lu/regulatory,,,Must be within country.,Must be within country.,,,,,
Malaysia,Mobile,Voice,5.0,Private Offering,,,,,https://www.twilio.com/en-us/guidelines/my/regulatory,8/27/2024,1-2 weeks,Must be within country.,Must be within country.,,,,,
Malaysia,Toll-Free,Voice,25.0,GA,Private Offering,11/17/2025 3:16 AM,,,https://www.twilio.com/en-us/guidelines/my/regulatory,2024-12-11 00:00:00,,Must be within country.,Must be within locality,,,,,
Malaysia,Local,Voice,4.0,GA,Paused,10/8/2024 4:35 AM,,,https://www.twilio.com/en-us/guidelines/my/regulatory,8/27/2024,,Must be within locality or region covered by the phone number’s prefix.,Must be within locality or region covered by the phone number’s prefix.,,,,,
Malaysia,Mobile,SMS,5.0,Private Offering,,,,,https://www.twilio.com/en-us/guidelines/my/regulatory,8/27/2024,1-2 weeks,Must be within country.,Must be within country.,,,,,
Mexico,Mobile,Voice + SMS,15.0,GA,Unavailable,12/15/2025 5:01 AM,,,https://www.twilio.com/en-us/guidelines/mx/regulatory,12/15/2025,,Must be within country.,Must be within country.,,,,,
Mexico,Toll-Free,Voice,30.0,GA,Beta,3/1/2024 4:42 AM,,,https://www.twilio.com/en-us/guidelines/mx/regulatory,,,May be anywhere in the world.,May be anywhere in the world.,,,,,
Mexico,Local,Voice,6.25,GA,,,,,https://www.twilio.com/en-us/guidelines/mx/regulatory,,,Must be within locality or region covered by the phone number's prefix.,Must be within locality or region covered by the phone number's prefix.,,,,,
Netherlands,Mobile,Voice + SMS,7.7,GA,,,,,https://www.twilio.com/en-us/guidelines/nl/regulatory,,,May be anywhere in the world.,May be anywhere in the world.,,,,,
Netherlands,National,Voice,3.5,Private Offering,,,,,https://www.twilio.com/en-us/guidelines/nl/regulatory,,3-5 days,Must be within country.,Must be within country.,,,,,
Netherlands,Local,Voice,3.5,Private Offering,,,,,https://www.twilio.com/en-us/guidelines/nl/regulatory,,3-5 days,Must be within locality or region covered by the phone number's prefix.,Must be within locality or region covered by the phone number's prefix.,,,,,
New Zealand,Toll-Free,Voice,40.0,GA,,,,,https://www.twilio.com/en-us/guidelines/nz/regulatory,,,May be anywhere in the world.,May be anywhere in the world.,,,,,
New Zealand,Local,Voice,3.15,GA,,,,,https://www.twilio.com/en-us/guidelines/nz/regulatory,2025-10-12 00:00:00,,Must be within country.,Must be within country.,,,,,
Nigeria,Mobile,Voice,20.0,Private Offering,Unavailable,7/29/2025 1:31 AM,,,https://www.twilio.com/en-us/guidelines/ng/regulatory,7/25/2025,4-5 weeks,Must be within country.,N/A,,,,,
Norway,Toll-Free,Voice,25.0,Private Offering,,,,,https://www.twilio.com/en-us/guidelines/no/regulatory,2/16/2026,2-4 weeks,Must be within country.,Must be within country.,,,,,
Norway,Local,Voice,3.0,Private Offering,,,,,https://www.twilio.com/en-us/guidelines/no/regulatory,2/18/2026,4-6 days,Must be within country.,Must be within country.,,,,,
Norway,M2M,SMS,12.0,Private Offering,,,New name for the previously used 'Mobile' number type,,https://www.twilio.com/en-us/guidelines/no/regulatory,2/16/2026,1-2 weeks,Must be within country.,Must be within country.,,,,,
Panama,Toll-Free,Voice,45.0,Private Offering,Beta,2/23/2022 7:00 AM,Supplier constraints,,https://www.twilio.com/en-us/guidelines/pa/regulatory,,3-4 weeks,Must be within country.,Must be within country.,,,,,
Panama,Local,Voice,8.0,GA,,,,,https://www.twilio.com/en-us/guidelines/pa/regulatory,,,Must be within locality or region covered by the phone number's prefix.,Must be within locality or region covered by the phone number's prefix.,,,,,
Peru,Toll-Free,Voice,135.0,GA,Beta,3/1/2024 4:41 AM,,,N/A,,,N/A,N/A,,,,,
Philippines,Toll-Free,Voice,25.0,GA,Beta,3/1/2024 4:41 AM,,,https://www.twilio.com/en-us/guidelines/ph/regulatory,8/27/2024,,May be anywhere in the world.,May be anywhere in the world.,,,,,
Philippines,Local,Voice,15.0,GA,,,,,https://www.twilio.com/en-us/guidelines/ph/regulatory,,,Must be within locality or region covered by the phone number's prefix.,Must be within locality or region covered by the phone number's prefix.,,,,,
Philippines,Mobile,SMS,120.0,GA,Beta,3/1/2024 4:41 AM,,,N/A,,,N/A,N/A,,,,,
Poland,Mobile,Voice + SMS,4.0,GA,Paused,8/6/2024 1:12 AM,,,https://www.twilio.com/en-us/guidelines/pl/regulatory,,,May be anywhere in the world.,May be anywhere in the world.,,,,,
Poland,Toll-Free,Voice,20.0,Private Offering,Paused,3/26/2021 8:30 AM,,,https://www.twilio.com/en-us/guidelines/pl/regulatory,,2-3 weeks,May be anywhere in the world.,May be anywhere in the world.,,,,,
Poland,Local,Voice,2.25,Private Offering,,,,,https://www.twilio.com/en-us/guidelines/pl/regulatory,,1-2 weeks,Must be within locality or region covered by the phone number's prefix.,Must be within locality or region covered by the phone number's prefix.,,,,,
Portugal,Mobile,Voice + SMS,135.0,GA,Negotiation,2/3/2023 12:12 AM,,,https://www.twilio.com/en-us/guidelines/pt/regulatory,2024-10-12 00:00:00,,Must be within country.,Must be within country.,,,,,
Portugal,National,Voice,3.45,Private Offering,,,,,https://www.twilio.com/en-us/guidelines/pt/regulatory,2024-10-12 00:00:00,3-5 days,Must be within country.,Must be within country.,,,,,
Portugal,Toll-Free,Voice,25.0,Private Offering,Paused,5/14/2021 9:15 AM,,,https://www.twilio.com/en-us/guidelines/pt/regulatory,2024-10-12 00:00:00,2-3 weeks,May be anywhere in the world.,May be anywhere in the world.,,,,,
Portugal,Mobile,SMS,135.0,GA,,,,,https://www.twilio.com/en-us/guidelines/pt/regulatory,2024-10-12 00:00:00,,Must be within country.,Must be within country.,,,,,
Puerto Rico,Local,Voice,3.25,GA,,,,,N/A,,,N/A,N/A,,,,,
Puerto Rico,Local,SMS,3.25,GA,,,,,N/A,,,N/A,N/A,,,,,
Puerto Rico,Local,Voice + SMS,3.25,GA,,,,,N/A,,,N/A,N/A,,,,,
Qatar,Toll-Free,Voice,710.0,Private Offering,Preview,5/8/2023 5:04 AM,,,https://www.twilio.com/en-us/guidelines/qa/regulatory,,SPECIAL ORDER 4-6 weeks,May be anywhere in the world.,May be anywhere in the world.,,,,,
Romania,National,Voice,3.0,GA,Unavailable,5/10/2021 5:28 PM,,,https://www.twilio.com/en-us/guidelines/ro/regulatory,,,Must be within country.,Must be within country.,,,,,
Romania,Toll-Free,Voice,25.0,GA,Private Offering,3/15/2022 9:31 PM,,,https://www.twilio.com/en-us/guidelines/ro/regulatory,,,May be anywhere in the world.,May be anywhere in the world.,,,,,
Saudi Arabia,Toll-Free,Voice,80.0,Private Offering,Paused,7/9/2024 3:55 AM,,,https://www.twilio.com/en-us/guidelines/sa/regulatory,,3-4 weeks,May be anywhere in the world.,May be anywhere in the world.,,,,,
Singapore,National (Level 6),Voice,10.0,Private Offering,Unavailable,3/12/2026 12:59 AM,,Resellers are required to provide end-user data and National numbers are only available for Resellers who hold the appropriate SBO class license.,https://www.twilio.com/en-us/guidelines/sg/regulatory,,1-2 weeks,May be anywhere in the world.,N/A,,,,,
Singapore,National (Level 3),Voice,10.0,Private Offering,Beta,7/29/2022 2:02 AM,Systematic constraints,Resellers are required to provide end-user data and National numbers are only available for Resellers who hold the appropriate SBO class license.,https://www.twilio.com/en-us/guidelines/sg/regulatory,,1-2 weeks,May be anywhere in the world.,N/A,,,,,
Singapore,Mobile,SMS,80.0,Private Offering,Beta,11/2/2022 3:11 PM,Systematic constraints,,https://www.twilio.com/en-us/guidelines/sg/regulatory,,3-5 days,May be anywhere in the world.,May be anywhere in the world.,,,,,
Slovakia,Toll-Free,Voice,25.0,GA,Beta,3/1/2024 4:40 AM,,,https://www.twilio.com/en-us/guidelines/sk/regulatory,,,May be anywhere in the world.,May be anywhere in the world.,,,,,
Slovakia,Mobile,SMS,36.0,Private Offering,Preview,5/9/2023 6:55 AM,,,https://www.twilio.com/en-us/guidelines/sk/regulatory,,2-3 weeks,May be anywhere in the world.,May be anywhere in the world.,,,,,
Slovenia,Local,Voice,5.0,Private Offering,GA,2/12/2026 4:55 AM,Systematic constraints,,https://www.twilio.com/en-us/guidelines/si/regulatory,,,Must be within locality or region covered by the phone number's prefix.,Must be within locality or region covered by the phone number's prefix.,,,,,
Slovenia,Mobile,SMS,33.0,Private Offering,,,,,https://www.twilio.com/en-us/guidelines/si/regulatory,,2-3 weeks,N/A,N/A,,,,,
South Africa,Mobile,Voice + SMS,4.0,GA,Beta,3/1/2024 4:40 AM,,,https://www.twilio.com/en-us/guidelines/za/regulatory,7/30/2025,,Must be within country.,Must be within country.,,,,,
South Africa,National,Voice,1.5,GA,Beta,3/1/2024 4:39 AM,,,https://www.twilio.com/en-us/guidelines/za/regulatory,7/30/2025,,May be anywhere in the world.,May be anywhere in the world.,,,,,
South Africa,Toll-Free,Voice,25.0,Private Offering,Beta,5/6/2021 9:07 AM,Supplier constraints,,https://www.twilio.com/en-us/guidelines/za/regulatory,7/30/2025,2-3 weeks,Must be within country.,May be anywhere in the world.,,,,,
South Africa,Local,Voice,1.5,GA,Beta,3/1/2024 4:40 AM,,,https://www.twilio.com/en-us/guidelines/za/regulatory,,,Must be within locality or region covered by the phone number's prefix.,Must be within locality or region covered by the phone number's prefix.,,,,,
South Korea,Toll-Free,Voice,25.0,Private Offering,Beta,5/6/2021 9:10 AM,Systematic constraints,Numbers are not available for Individuals.,https://www.twilio.com/en-us/guidelines/kr/regulatory,2025-12-12 00:00:00,3-5 weeks,Anywhere in the Republic of Korea; a P.O. Box is not acceptable.,N/A,,,,,
South Korea,Local,Voice,30.0,Private Offering,Unavailable,7/17/2025 6:38 AM,,,https://www.twilio.com/en-us/guidelines/kr/regulatory,2025-12-12 00:00:00,7-10 days,Must be within locality or region covered by the phone number's prefix.,N/A,,,,,
Spain,National,Voice,5.5,Paused,Private Offering,10/2/2025 6:06 AM,Supplier Constraints,Not allowed.,https://www.twilio.com/en-us/guidelines/es/regulatory,8/28/2024,3-5 days,Must be within country.,Must be within country.,,,,,
Spain,Toll-Free,Voice,32.0,Private Offering,,,,,https://www.twilio.com/en-us/guidelines/es/regulatory,,1-2 weeks,Must be within country.,Must be within country.,,,,,
Spain,Local,Voice,5.5,Private Offering,,,,,https://www.twilio.com/en-us/guidelines/es/regulatory,,1-3 days,Must be within locality or region covered by the phone number's prefix.,Must be within locality or region covered by the phone number's prefix.,,,,,
Spain,Mobile,SMS,6.0,Private Offering,Unavailable,6/21/2022 1:16 AM,,,https://www.twilio.com/en-us/guidelines/es/regulatory,,2-4 days,Must be within country.,Must be within country.,,,,,
Sri Lanka,Toll-Free,Voice,145.0,Private Offering,Preview,5/9/2023 6:54 AM,,,https://www.twilio.com/en-us/guidelines/lk/regulatory,,SPECIAL ORDER 4-6 weeks,May be anywhere in the world.,May be anywhere in the world.,,,,,
Sweden,Shared Cost,Voice,1.0,Private Offering,,,,,https://www.twilio.com/en-us/guidelines/se/regulatory,,2-3 weeks,Must be within country.,Must be within country.,,,,,
Sweden,National,Voice,1.5,Private Offering,GA,11/4/2021 5:15 AM,Supplier constraints,,https://www.twilio.com/en-us/guidelines/se/regulatory,5/28/2025,3-5 days,Must be within country.,Must be within country.,,,,,
Sweden,Toll-Free,Voice,25.0,Private Offering,,,,,https://www.twilio.com/en-us/guidelines/se/regulatory,2025-06-05 00:00:00,1-2 weeks,May be anywhere in the world.,N/A,,,,,
Sweden,Local,Voice,1.5,Private Offering,GA,11/4/2021 6:19 AM,Supplier constraints,,https://www.twilio.com/en-us/guidelines/se/regulatory,11/21/2025,5-10 days,Must be within locality or region covered by the phone number's prefix.,N/A,,,,,
Sweden,Mobile,SMS,3.0,GA,Beta,3/1/2024 4:28 AM,,,N/A,,,N/A,N/A,,,,,
Switzerland,Local,Voice,1.15,GA,,,,,https://www.twilio.com/en-us/guidelines/ch/regulatory,,,Must be within country.,Must be within country.,,,,,
Switzerland,Mobile,SMS,9.0,GA,Paused,3/5/2026 12:19 AM,,,https://www.twilio.com/en-us/guidelines/ch/regulatory,,,May be anywhere in the world.,May be anywhere in the world.,,,,,
Taiwan,Toll-Free,Voice,25.0,Private Offering,,,,,https://www.twilio.com/en-us/guidelines/tw/regulatory,2025-10-12 00:00:00,2-3 weeks,May be anywhere in the world.,May be anywhere in the world.,,,,,
Thailand,Mobile,Voice + SMS,22.0,GA,Private Offering,9/25/2024 2:05 AM,,,https://www.twilio.com/en-us/guidelines/th/regulatory,,,May be anywhere in the world.,May be anywhere in the world.,,,,,
Thailand,Toll-Free,Voice,25.0,GA,Beta,3/1/2024 4:28 AM,,,https://www.twilio.com/en-us/guidelines/th/regulatory,,,May be anywhere in the world.,May be anywhere in the world.,,,,,
Thailand,Local,Voice,25.0,GA,,,,,https://www.twilio.com/en-us/guidelines/th/regulatory,,,Must be within locality or region covered by the phone number's prefix.,Must be within locality or region covered by the phone number's prefix.,,,,,
Tunisia,National,Voice,120.0,GA,Beta,3/1/2024 4:27 AM,,,https://www.twilio.com/en-us/guidelines/tn/regulatory,,,Must be within country.,Must be within country.,,,,,
Uganda,Local,Voice,40.0,Private Offering,Unavailable,9/8/2025 5:43 AM,,,https://www.twilio.com/en-us/guidelines/ug/regulatory,,4-5 weeks,Must be within country.,,,,,,
United Arab Emirates,Toll-Free,Voice,25.0,Private Offering,,,,,https://www.twilio.com/en-us/guidelines/ae/regulatory,5/16/2025,7-9 weeks,May be anywhere in the world.,May be anywhere in the world.,,,,,
United Kingdom,Mobile,Voice + SMS,2.5,GA,,,,,https://www.twilio.com/en-us/guidelines/gb/regulatory,3/25/2025,,May be anywhere in the world.,May be anywhere in the world.,,,,,
United Kingdom,National,Voice,1.15,GA,,,,,https://www.twilio.com/en-us/guidelines/gb/regulatory,3/25/2025,,Must be within country.,Must be within country.,,,,,
United Kingdom,Toll-Free,Voice,2.7,GA,,,,,https://www.twilio.com/en-us/guidelines/gb/regulatory,3/25/2025,,May be anywhere in the world.,May be anywhere in the world.,,,,,
United Kingdom,Local,Voice,1.15,GA,,,,,https://www.twilio.com/en-us/guidelines/gb/regulatory,3/25/2025,,Must be within country.,Must be within country.,,,,,
United Kingdom,Mobile,SMS,2.5,GA,,,,,https://www.twilio.com/en-us/guidelines/gb/regulatory,3/25/2025,,May be anywhere in the world.,May be anywhere in the world.,,,,,
United States,Toll-Free,Voice + SMS + MMS,2.15,GA,,,,,N/A,,,May be anywhere in the world.,May be anywhere in the world.,,,,,
United States,Local,Voice + SMS + MMS,1.15,GA,,,,,N/A,,,May be anywhere in the world.,May be anywhere in the world.,,,,,
Uruguay,Toll-Free,Voice,25.0,Private Offering,Paused,5/8/2023 5:07 AM,,,https://www.twilio.com/en-us/guidelines/uy/regulatory,,4-8 weeks,May be anywhere in the world.,May be anywhere in the world.,,,,,
Venezuela,Toll-Free,Voice,60.0,Private Offering,GA,9/9/2024 10:19 AM,Systematic constraints,,https://www.twilio.com/en-us/guidelines/ve/regulatory,,,May be anywhere in the world.,May be anywhere in the world.,,,,,
Vietnam,Toll-Free,Voice,25.0,Private Offering,,,,,https://www.twilio.com/en-us/guidelines/vn/regulatory,7/30/2024,2-3 weeks,Must be outside of country.,Must be outside of country.,,,,,
,,,,,,,,,,,,,,,,,,
,,,,,,,,,,,,,,,,,,
,,,,,,,,,,,,,,,,,,
,,,,,,,,,,,,,,,,,,
,,,,,,,,,,,,,,,,,,
,,,,,,,,,,,,,,,,,,
,,,,,,,,,,,,,,,,,,
,,,,,,,,,,,,,,,,,,
,,,,,,,,,,,,,,,,,,
,,,,,,,,,,,,,,,,,,
,,,,,,,,,,,,,,,,,,
,,,,,,,,,,,,,,,,,,
,,,,,,,,,,,,,,,,,,
,,,,,,,,,,,,,,,,,,
,,,,,,,,,,,,,,,,,,
,,,,,,,,,,,,,,,,,,
,,,,,,,,,,,,,,,,,,
,,,,,,,,,,,,,,,,,,
,,,,,,,,,,,,,,,,,,
,,,,,,,,,,,,,,,,,,
,,,,,,,,,,,,,,,,,,
,,,,,,,,,,,,,,,,,,
,,,,,,,,,,,,,,,,,,
,,,,,,,,,,,,,,,,,,
,,,,,,,,,,,,,,,,,,
,,,,,,,,,,,,,,,,,,
,,,,,,,,,,,,,,,,,,
,,,,,,,,,,,,,,,,,,
,,,,,,,,,,,,,,,,,,
,,,,,,,,,,,,,,,,,,
,,,,,,,,,,,,,,,,,,
,,,,,,,,,,,,,,,,,,
,,,,,,,,,,,,,,,,,,
,,,,,,,,,,,,,,,,,,
,,,,,,,,,,,,,,,,,,
,,,,,,,,,,,,,,,,,,
,,,,,,,,,,,,,,,,,,
,,,,,,,,,,,,,,,,,,
,,,,,,,,,,,,,,,,,,
,,,,,,,,,,,,,,,,,,
,,,,,,,,,,,,,,,,,,
,,,,,,,,,,,,,,,,,,
,,,,,,,,,,,,,,,,,,
,,,,,,,,,,,,,,,,,,
,,,,,,,,,,,,,,,,,,
,,,,,,,,,,,,,,,,,,
,,,,,,,,,,,,,,,,,,
,,,,,,,,,,,,,,,,,,
,,,,,,,,,,,,,,,,,,
,,,,,,,,,,,,,,,,,,
,,,,,,,,,,,,,,,,,,
,,,,,,,,,,,,,,,,,,
,,,,,,,,,,,,,,,,,,
,,,,,,,,,,,,,,,,,,
,,,,,,,,,,,,,,,,,,
,,,,,,,,,,,,,,,,,,
,,,,,,,,,,,,,,,,,,
,,,,,,,,,,,,,,,,,,
,,,,,,,,,,,,,,,,,,
,,,,,,,,,,,,,,,,,,
,,,,,,,,,,,,,,,,,,
,,,,,,,,,,,,,,,,,,
,,,,,,,,,,,,,,,,,,
,,,,,,,,,,,,,,,,,,
,,,,,,,,,,,,,,,,,,
,,,,,,,,,,,,,,,,,,
,,,,,,,,,,,,,,,,,,
,,,,,,,,,,,,,,,,,,
,,,,,,,,,,,,,,,,,,
,,,,,,,,,,,,,,,,,,
,,,,,,,,,,,,,,,,,,
,,,,,,,,,,,,,,,,,,
,,,,,,,,,,,,,,,,,,
,,,,,,,,,,,,,,,,,,
,,,,,,,,,,,,,,,,,,
,,,,,,,,,,,,,,,,,,
,,,,,,,,,,,,,,,,,,
,,,,,,,,,,,,,,,,,,
,,,,,,,,,,,,,,,,,,
,,,,,,,,,,,,,,,,,,
,,,,,,,,,,,,,,,,,,
,,,,,,,,,,,,,,,,,,
,,,,,,,,,,,,,,,,,,
,,,,,,,,,,,,,,,,,,
,,,,,,,,,,,,,,,,,,
,,,,,,,,,,,,,,,,,,
,,,,,,,,,,,,,,,,,,
,,,,,,,,,,,,,,,,,,
,,,,,,,,,,,,,,,,,,
,,,,,,,,,,,,,,,,,,
,,,,,,,,,,,,,,,,,,
,,,,,,,,,,,,,,,,,,
,,,,,,,,,,,,,,,,,,
,,,,,,,,,,,,,,,,,,
,,,,,,,,,,,,,,,,,,
,,,,,,,,,,,,,,,,,,
,,,,,,,,,,,,,,,,,,
,,,,,,,,,,,,,,,,,,
,,,,,,,,,,,,,,,,,,
,,,,,,,,,,,,,,,,,,
,,,,,,,,,,,,,,,,,,
,,,,,,,,,,,,,,,,,,
,,,,,,,,,,,,,,,,,,
,,,,,,,,,,,,,,,,,,
,,,,,,,,,,,,,,,,,,
,,,,,,,,,,,,,,,,,,
,,,,,,,,,,,,,,,,,,
,,,,,,,,,,,,,,,,,,
,,,,,,,,,,,,,,,,,,
,,,,,,,,,,,,,,,,,,
,,,,,,,,,,,,,,,,,,
,,,,,,,,,,,,,,,,,,
,,,,,,,,,,,,,,,,,,
,,,,,,,,,,,,,,,,,,
,,,,,,,,,,,,,,,,,,
,,,,,,,,,,,,,,,,,,
,,,,,,,,,,,,,,,,,,
,,,,,,,,,,,,,,,,,,
,,,,,,,,,,,,,,,,,,
,,,,,,,,,,,,,,,,,,
,,,,,,,,,,,,,,,,,,
,,,,,,,,,,,,,,,,,,
,,,,,,,,,,,,,,,,,,
,,,,,,,,,,,,,,,,,,
,,,,,,,,,,,,,,,,,,
,,,,,,,,,,,,,,,,,,
,,,,,,,,,,,,,,,,,,
,,,,,,,,,,,,,,,,,,
,,,,,,,,,,,,,,,,,,
,,,,,,,,,,,,,,,,,,
,,,,,,,,,,,,,,,,,,
,,,,,,,,,,,,,,,,,,
,,,,,,,,,,,,,,,,,,
,,,,,,,,,,,,,,,,,,
,,,,,,,,,,,,,,,,,,
,,,,,,,,,,,,,,,,,,
,,,,,,,,,,,,,,,,,,
,,,,,,,,,,,,,,,,,,
,,,,,,,,,,,,,,,,,,
,,,,,,,,,,,,,,,,,,
,,,,,,,,,,,,,,,,,,
,,,,,,,,,,,,,,,,,,
,,,,,,,,,,,,,,,,,,
,,,,,,,,,,,,,,,,,,
,,,,,,,,,,,,,,,,,,
,,,,,,,,,,,,,,,,,,
,,,,,,,,,,,,,,,,,,
,,,,,,,,,,,,,,,,,,
,,,,,,,,,,,,,,,,,,
,,,,,,,,,,,,,,,,,,
,,,,,,,,,,,,,,,,,,
,,,,,,,,,,,,,,,,,,
,,,,,,,,,,,,,,,,,,
,,,,,,,,,,,,,,,,,,
,,,,,,,,,,,,,,,,,,
,,,,,,,,,,,,,,,,,,
,,,,,,,,,,,,,,,,,,
,,,,,,,,,,,,,,,,,,
,,,,,,,,,,,,,,,,,,
,,,,,,,,,,,,,,,,,,
,,,,,,,,,,,,,,,,,,
,,,,,,,,,,,,,,,,,,
,,,,,,,,,,,,,,,,,,
,,,,,,,,,,,,,,,,,,
,,,,,,,,,,,,,,,,,,
,,,,,,,,,,,,,,,,,,
,,,,,,,,,,,,,,,,,,
,,,,,,,,,,,,,,,,,,
,,,,,,,,,,,,,,,,,,
,,,,,,,,,,,,,,,,,,
,,,,,,,,,,,,,,,,,,
,,,,,,,,,,,,,,,,,,
,,,,,,,,,,,,,,,,,,
,,,,,,,,,,,,,,,,,,
,,,,,,,,,,,,,,,,,,
,,,,,,,,,,,,,,,,,,
,,,,,,,,,,,,,,,,,,
,,,,,,,,,,,,,,,,,,
,,,,,,,,,,,,,,,,,,
,,,,,,,,,,,,,,,,,,
,,,,,,,,,,,,,,,,,,
,,,,,,,,,,,,,,,,,,
,,,,,,,,,,,,,,,,,,
,,,,,,,,,,,,,,,,,,
,,,,,,,,,,,,,,,,,,
,,,,,,,,,,,,,,,,,,
,,,,,,,,,,,,,,,,,,
,,,,,,,,,,,,,,,,,,
,,,,,,,,,,,,,,,,,,
,,,,,,,,,,,,,,,,,,
,,,,,,,,,,,,,,,,,,
,,,,,,,,,,,,,,,,,,
,,,,,,,,,,,,,,,,,,
,,,,,,,,,,,,,,,,,,
,,,,,,,,,,,,,,,,,,
,,,,,,,,,,,,,,,,,,
,,,,,,,,,,,,,,,,,,
,,,,,,,,,,,,,,,,,,
,,,,,,,,,,,,,,,,,,
,,,,,,,,,,,,,,,,,,
,,,,,,,,,,,,,,,,,,
,,,,,,,,,,,,,,,,,,
,,,,,,,,,,,,,,,,,,
,,,,,,,,,,,,,,,,,,
,,,,,,,,,,,,,,,,,,
,,,,,,,,,,,,,,,,,,
,,,,,,,,,,,,,,,,,,
,,,,,,,,,,,,,,,,,,
,,,,,,,,,,,,,,,,,,
,,,,,,,,,,,,,,,,,,
,,,,,,,,,,,,,,,,,,
,,,,,,,,,,,,,,,,,,
,,,,,,,,,,,,,,,,,,
,,,,,,,,,,,,,,,,,,
,,,,,,,,,,,,,,,,,,
,,,,,,,,,,,,,,,,,,
,,,,,,,,,,,,,,,,,,
,,,,,,,,,,,,,,,,,,
,,,,,,,,,,,,,,,,,,
,,,,,,,,,,,,,,,,,,
,,,,,,,,,,,,,,,,,,
,,,,,,,,,,,,,,,,,,
,,,,,,,,,,,,,,,,,,
,,,,,,,,,,,,,,,,,,
,,,,,,,,,,,,,,,,,,
,,,,,,,,,,,,,,,,,,
,,,,,,,,,,,,,,,,,,
,,,,,,,,,,,,,,,,,,
,,,,,,,,,,,,,,,,,,
,,,,,,,,,,,,,,,,,,
,,,,,,,,,,,,,,,,,,
,,,,,,,,,,,,,,,,,,
,,,,,,,,,,,,,,,,,,
,,,,,,,,,,,,,,,,,,
,,,,,,,,,,,,,,,,,,
,,,,,,,,,,,,,,,,,,
,,,,,,,,,,,,,,,,,,
,,,,,,,,,,,,,,,,,,
,,,,,,,,,,,,,,,,,,
,,,,,,,,,,,,,,,,,,
,,,,,,,,,,,,,,,,,,
,,,,,,,,,,,,,,,,,,
,,,,,,,,,,,,,,,,,,
,,,,,,,,,,,,,,,,,,
,,,,,,,,,,,,,,,,,,
,,,,,,,,,,,,,,,,,,
,,,,,,,,,,,,,,,,,,
,,,,,,,,,,,,,,,,,,
,,,,,,,,,,,,,,,,,,
,,,,,,,,,,,,,,,,,,
,,,,,,,,,,,,,,,,,,
,,,,,,,,,,,,,,,,,,
,,,,,,,,,,,,,,,,,,
,,,,,,,,,,,,,,,,,,
,,,,,,,,,,,,,,,,,,
,,,,,,,,,,,,,,,,,,
,,,,,,,,,,,,,,,,,,
,,,,,,,,,,,,,,,,,,
,,,,,,,,,,,,,,,,,,
,,,,,,,,,,,,,,,,,,
,,,,,,,,,,,,,,,,,,
,,,,,,,,,,,,,,,,,,
,,,,,,,,,,,,,,,,,,
,,,,,,,,,,,,,,,,,,
,,,,,,,,,,,,,,,,,,
,,,,,,,,,,,,,,,,,,
,,,,,,,,,,,,,,,,,,
,,,,,,,,,,,,,,,,,,
,,,,,,,,,,,,,,,,,,
,,,,,,,,,,,,,,,,,,
,,,,,,,,,,,,,,,,,,
,,,,,,,,,,,,,,,,,,
,,,,,,,,,,,,,,,,,,
,,,,,,,,,,,,,,,,,,
,,,,,,,,,,,,,,,,,,
,,,,,,,,,,,,,,,,,,
,,,,,,,,,,,,,,,,,,
,,,,,,,,,,,,,,,,,,
,,,,,,,,,,,,,,,,,,
,,,,,,,,,,,,,,,,,,
,,,,,,,,,,,,,,,,,,
,,,,,,,,,,,,,,,,,,
,,,,,,,,,,,,,,,,,,
,,,,,,,,,,,,,,,,,,
,,,,,,,,,,,,,,,,,,
,,,,,,,,,,,,,,,,,,
,,,,,,,,,,,,,,,,,,
,,,,,,,,,,,,,,,,,,
,,,,,,,,,,,,,,,,,,
,,,,,,,,,,,,,,,,,,
,,,,,,,,,,,,,,,,,,
,,,,,,,,,,,,,,,,,,
,,,,,,,,,,,,,,,,,,
,,,,,,,,,,,,,,,,,,
,,,,,,,,,,,,,,,,,,
,,,,,,,,,,,,,,,,,,
,,,,,,,,,,,,,,,,,,
,,,,,,,,,,,,,,,,,,
,,,,,,,,,,,,,,,,,,
,,,,,,,,,,,,,,,,,,
,,,,,,,,,,,,,,,,,,
,,,,,,,,,,,,,,,,,,
,,,,,,,,,,,,,,,,,,
,,,,,,,,,,,,,,,,,,
,,,,,,,,,,,,,,,,,,
,,,,,,,,,,,,,,,,,,
,,,,,,,,,,,,,,,,,,
,,,,,,,,,,,,,,,,,,
,,,,,,,,,,,,,,,,,,
,,,,,,,,,,,,,,,,,,
,,,,,,,,,,,,,,,,,,
,,,,,,,,,,,,,,,,,,
,,,,,,,,,,,,,,,,,,
,,,,,,,,,,,,,,,,,,
,,,,,,,,,,,,,,,,,,
,,,,,,,,,,,,,,,,,,
,,,,,,,,,,,,,,,,,,
,,,,,,,,,,,,,,,,,,
,,,,,,,,,,,,,,,,,,
,,,,,,,,,,,,,,,,,,
,,,,,,,,,,,,,,,,,,
,,,,,,,,,,,,,,,,,,
,,,,,,,,,,,,,,,,,,
,,,,,,,,,,,,,,,,,,
,,,,,,,,,,,,,,,,,,
,,,,,,,,,,,,,,,,,,
,,,,,,,,,,,,,,,,,,
,,,,,,,,,,,,,,,,,,
,,,,,,,,,,,,,,,,,,
,,,,,,,,,,,,,,,,,,
,,,,,,,,,,,,,,,,,,
,,,,,,,,,,,,,,,,,,
,,,,,,,,,,,,,,,,,,
,,,,,,,,,,,,,,,,,,
,,,,,,,,,,,,,,,,,,
,,,,,,,,,,,,,,,,,,
,,,,,,,,,,,,,,,,,,
,,,,,,,,,,,,,,,,,,
,,,,,,,,,,,,,,,,,,
,,,,,,,,,,,,,,,,,,
,,,,,,,,,,,,,,,,,,
,,,,,,,,,,,,,,,,,,
,,,,,,,,,,,,,,,,,,
,,,,,,,,,,,,,,,,,,
,,,,,,,,,,,,,,,,,,
,,,,,,,,,,,,,,,,,,
,,,,,,,,,,,,,,,,,,
,,,,,,,,,,,,,,,,,,
,,,,,,,,,,,,,,,,,,
,,,,,,,,,,,,,,,,,,
,,,,,,,,,,,,,,,,,,
,,,,,,,,,,,,,,,,,,
,,,,,,,,,,,,,,,,,,
,,,,,,,,,,,,,,,,,,
,,,,,,,,,,,,,,,,,,
,,,,,,,,,,,,,,,,,,
,,,,,,,,,,,,,,,,,,
,,,,,,,,,,,,,,,,,,
,,,,,,,,,,,,,,,,,,
,,,,,,,,,,,,,,,,,,
,,,,,,,,,,,,,,,,,,
,,,,,,,,,,,,,,,,,,
,,,,,,,,,,,,,,,,,,
,,,,,,,,,,,,,,,,,,
,,,,,,,,,,,,,,,,,,
,,,,,,,,,,,,,,,,,,
,,,,,,,,,,,,,,,,,,
,,,,,,,,,,,,,,,,,,
,,,,,,,,,,,,,,,,,,
,,,,,,,,,,,,,,,,,,
,,,,,,,,,,,,,,,,,,
,,,,,,,,,,,,,,,,,,
,,,,,,,,,,,,,,,,,,
,,,,,,,,,,,,,,,,,,
,,,,,,,,,,,,,,,,,,
,,,,,,,,,,,,,,,,,,
,,,,,,,,,,,,,,,,,,
,,,,,,,,,,,,,,,,,,
,,,,,,,,,,,,,,,,,,
,,,,,,,,,,,,,,,,,,
,,,,,,,,,,,,,,,,,,
,,,,,,,,,,,,,,,,,,
,,,,,,,,,,,,,,,,,,
,,,,,,,,,,,,,,,,,,
,,,,,,,,,,,,,,,,,,
,,,,,,,,,,,,,,,,,,
,,,,,,,,,,,,,,,,,,
,,,,,,,,,,,,,,,,,,
,,,,,,,,,,,,,,,,,,
,,,,,,,,,,,,,,,,,,
,,,,,,,,,,,,,,,,,,
,,,,,,,,,,,,,,,,,,
,,,,,,,,,,,,,,,,,,
,,,,,,,,,,,,,,,,,,
,,,,,,,,,,,,,,,,,,
,,,,,,,,,,,,,,,,,,
,,,,,,,,,,,,,,,,,,
,,,,,,,,,,,,,,,,,,
,,,,,,,,,,,,,,,,,,
,,,,,,,,,,,,,,,,,,
,,,,,,,,,,,,,,,,,,
,,,,,,,,,,,,,,,,,,
,,,,,,,,,,,,,,,,,,
,,,,,,,,,,,,,,,,,,
,,,,,,,,,,,,,,,,,,
,,,,,,,,,,,,,,,,,,
,,,,,,,,,,,,,,,,,,
,,,,,,,,,,,,,,,,,,
,,,,,,,,,,,,,,,,,,
,,,,,,,,,,,,,,,,,,
,,,,,,,,,,,,,,,,,,
,,,,,,,,,,,,,,,,,,
,,,,,,,,,,,,,,,,,,
,,,,,,,,,,,,,,,,,,
,,,,,,,,,,,,,,,,,,
,,,,,,,,,,,,,,,,,,
,,,,,,,,,,,,,,,,,,
,,,,,,,,,,,,,,,,,,
,,,,,,,,,,,,,,,,,,
,,,,,,,,,,,,,,,,,,
,,,,,,,,,,,,,,,,,,
,,,,,,,,,,,,,,,,,,
,,,,,,,,,,,,,,,,,,
,,,,,,,,,,,,,,,,,,
,,,,,,,,,,,,,,,,,,
,,,,,,,,,,,,,,,,,,
,,,,,,,,,,,,,,,,,,
,,,,,,,,,,,,,,,,,,
,,,,,,,,,,,,,,,,,,
,,,,,,,,,,,,,,,,,,
,,,,,,,,,,,,,,,,,,
,,,,,,,,,,,,,,,,,,
,,,,,,,,,,,,,,,,,,
,,,,,,,,,,,,,,,,,,
,,,,,,,,,,,,,,,,,,
,,,,,,,,,,,,,,,,,,
,,,,,,,,,,,,,,,,,,
,,,,,,,,,,,,,,,,,,
,,,,,,,,,,,,,,,,,,
,,,,,,,,,,,,,,,,,,
,,,,,,,,,,,,,,,,,,
,,,,,,,,,,,,,,,,,,
,,,,,,,,,,,,,,,,,,
,,,,,,,,,,,,,,,,,,
,,,,,,,,,,,,,,,,,,
,,,,,,,,,,,,,,,,,,
,,,,,,,,,,,,,,,,,,
,,,,,,,,,,,,,,,,,,
,,,,,,,,,,,,,,,,,,
,,,,,,,,,,,,,,,,,,
,,,,,,,,,,,,,,,,,,
,,,,,,,,,,,,,,,,,,
,,,,,,,,,,,,,,,,,,
,,,,,,,,,,,,,,,,,,
,,,,,,,,,,,,,,,,,,
,,,,,,,,,,,,,,,,,,
,,,,,,,,,,,,,,,,,,
,,,,,,,,,,,,,,,,,,
,,,,,,,,,,,,,,,,,,
,,,,,,,,,,,,,,,,,,
,,,,,,,,,,,,,,,,,,
,,,,,,,,,,,,,,,,,,
,,,,,,,,,,,,,,,,,,
,,,,,,,,,,,,,,,,,,
,,,,,,,,,,,,,,,,,,
,,,,,,,,,,,,,,,,,,
,,,,,,,,,,,,,,,,,,
,,,,,,,,,,,,,,,,,,
,,,,,,,,,,,,,,,,,,
,,,,,,,,,,,,,,,,,,
,,,,,,,,,,,,,,,,,,
,,,,,,,,,,,,,,,,,,
,,,,,,,,,,,,,,,,,,
,,,,,,,,,,,,,,,,,,
,,,,,,,,,,,,,,,,,,
,,,,,,,,,,,,,,,,,,
,,,,,,,,,,,,,,,,,,
,,,,,,,,,,,,,,,,,,
,,,,,,,,,,,,,,,,,,
,,,,,,,,,,,,,,,,,,
,,,,,,,,,,,,,,,,,,
,,,,,,,,,,,,,,,,,,
,,,,,,,,,,,,,,,,,,
,,,,,,,,,,,,,,,,,,
,,,,,,,,,,,,,,,,,,
,,,,,,,,,,,,,,,,,,
,,,,,,,,,,,,,,,,,,
,,,,,,,,,,,,,,,,,,
,,,,,,,,,,,,,,,,,,
,,,,,,,,,,,,,,,,,,
,,,,,,,,,,,,,,,,,,
,,,,,,,,,,,,,,,,,,
,,,,,,,,,,,,,,,,,,
,,,,,,,,,,,,,,,,,,
,,,,,,,,,,,,,,,,,,
,,,,,,,,,,,,,,,,,,
,,,,,,,,,,,,,,,,,,
,,,,,,,,,,,,,,,,,,
,,,,,,,,,,,,,,,,,,
,,,,,,,,,,,,,,,,,,
,,,,,,,,,,,,,,,,,,
,,,,,,,,,,,,,,,,,,
,,,,,,,,,,,,,,,,,,
,,,,,,,,,,,,,,,,,,
,,,,,,,,,,,,,,,,,,
,,,,,,,,,,,,,,,,,,
,,,,,,,,,,,,,,,,,,
,,,,,,,,,,,,,,,,,,
,,,,,,,,,,,,,,,,,,
,,,,,,,,,,,,,,,,,,
,,,,,,,,,,,,,,,,,,
,,,,,,,,,,,,,,,,,,
,,,,,,,,,,,,,,,,,,
,,,,,,,,,,,,,,,,,,
,,,,,,,,,,,,,,,,,,
,,,,,,,,,,,,,,,,,,
,,,,,,,,,,,,,,,,,,
,,,,,,,,,,,,,,,,,,
,,,,,,,,,,,,,,,,,,
,,,,,,,,,,,,,,,,,,
,,,,,,,,,,,,,,,,,,
,,,,,,,,,,,,,,,,,,
,,,,,,,,,,,,,,,,,,
,,,,,,,,,,,,,,,,,,
,,,,,,,,,,,,,,,,,,
,,,,,,,,,,,,,,,,,,
,,,,,,,,,,,,,,,,,,
,,,,,,,,,,,,,,,,,,
,,,,,,,,,,,,,,,,,,
,,,,,,,,,,,,,,,,,,
,,,,,,,,,,,,,,,,,,
,,,,,,,,,,,,,,,,,,
,,,,,,,,,,,,,,,,,,
,,,,,,,,,,,,,,,,,,
,,,,,,,,,,,,,,,,,,
,,,,,,,,,,,,,,,,,,
,,,,,,,,,,,,,,,,,,
,,,,,,,,,,,,,,,,,,
,,,,,,,,,,,,,,,,,,
,,,,,,,,,,,,,,,,,,
,,,,,,,,,,,,,,,,,,
,,,,,,,,,,,,,,,,,,
,,,,,,,,,,,,,,,,,,
,,,,,,,,,,,,,,,,,,
,,,,,,,,,,,,,,,,,,
,,,,,,,,,,,,,,,,,,
,,,,,,,,,,,,,,,,,,
,,,,,,,,,,,,,,,,,,
,,,,,,,,,,,,,,,,,,
,,,,,,,,,,,,,,,,,,
,,,,,,,,,,,,,,,,,,
,,,,,,,,,,,,,,,,,,
,,,,,,,,,,,,,,,,,,
,,,,,,,,,,,,,,,,,,
,,,,,,,,,,,,,,,,,,
,,,,,,,,,,,,,,,,,,
,,,,,,,,,,,,,,,,,,
,,,,,,,,,,,,,,,,,,
,,,,,,,,,,,,,,,,,,
,,,,,,,,,,,,,,,,,,
,,,,,,,,,,,,,,,,,,
,,,,,,,,,,,,,,,,,,
,,,,,,,,,,,,,,,,,,
,,,,,,,,,,,,,,,,,,
,,,,,,,,,,,,,,,,,,
,,,,,,,,,,,,,,,,,,
,,,,,,,,,,,,,,,,,,
,,,,,,,,,,,,,,,,,,
,,,,,,,,,,,,,,,,,,
,,,,,,,,,,,,,,,,,,
,,,,,,,,,,,,,,,,,,
,,,,,,,,,,,,,,,,,,
,,,,,,,,,,,,,,,,,,
,,,,,,,,,,,,,,,,,,
,,,,,,,,,,,,,,,,,,
,,,,,,,,,,,,,,,,,,
,,,,,,,,,,,,,,,,,,
,,,,,,,,,,,,,,,,,,
,,,,,,,,,,,,,,,,,,
,,,,,,,,,,,,,,,,,,
,,,,,,,,,,,,,,,,,,
,,,,,,,,,,,,,,,,,,
,,,,,,,,,,,,,,,,,,
,,,,,,,,,,,,,,,,,,
,,,,,,,,,,,,,,,,,,
,,,,,,,,,,,,,,,,,,
,,,,,,,,,,,,,,,,,,
,,,,,,,,,,,,,,,,,,
,,,,,,,,,,,,,,,,,,
,,,,,,,,,,,,,,,,,,
,,,,,,,,,,,,,,,,,,
,,,,,,,,,,,,,,,,,,
,,,,,,,,,,,,,,,,,,
,,,,,,,,,,,,,,,,,,
,,,,,,,,,,,,,,,,,,
,,,,,,,,,,,,,,,,,,
,,,,,,,,,,,,,,,,,,
,,,,,,,,,,,,,,,,,,
,,,,,,,,,,,,,,,,,,
,,,,,,,,,,,,,,,,,,
,,,,,,,,,,,,,,,,,,
,,,,,,,,,,,,,,,,,,
,,,,,,,,,,,,,,,,,,
,,,,,,,,,,,,,,,,,,
,,,,,,,,,,,,,,,,,,
,,,,,,,,,,,,,,,,,,
,,,,,,,,,,,,,,,,,,
,,,,,,,,,,,,,,,,,,
,,,,,,,,,,,,,,,,,,
,,,,,,,,,,,,,,,,,,
,,,,,,,,,,,,,,,,,,
,,,,,,,,,,,,,,,,,,
,,,,,,,,,,,,,,,,,,
,,,,,,,,,,,,,,,,,,
,,,,,,,,,,,,,,,,,,
,,,,,,,,,,,,,,,,,,
,,,,,,,,,,,,,,,,,,
,,,,,,,,,,,,,,,,,,
,,,,,,,,,,,,,,,,,,
,,,,,,,,,,,,,,,,,,
,,,,,,,,,,,,,,,,,,
,,,,,,,,,,,,,,,,,,
,,,,,,,,,,,,,,,,,,
,,,,,,,,,,,,,,,,,,
,,,,,,,,,,,,,,,,,,
,,,,,,,,,,,,,,,,,,
,,,,,,,,,,,,,,,,,,
,,,,,,,,,,,,,,,,,,
,,,,,,,,,,,,,,,,,,
,,,,,,,,,,,,,,,,,,
,,,,,,,,,,,,,,,,,,
,,,,,,,,,,,,,,,,,,
,,,,,,,,,,,,,,,,,,
,,,,,,,,,,,,,,,,,,
,,,,,,,,,,,,,,,,,,
,,,,,,,,,,,,,,,,,,
,,,,,,,,,,,,,,,,,,
,,,,,,,,,,,,,,,,,,
,,,,,,,,,,,,,,,,,,
,,,,,,,,,,,,,,,,,,
,,,,,,,,,,,,,,,,,,
,,,,,,,,,,,,,,,,,,
,,,,,,,,,,,,,,,,,,
,,,,,,,,,,,,,,,,,,
,,,,,,,,,,,,,,,,,,
,,,,,,,,,,,,,,,,,,
,,,,,,,,,,,,,,,,,,
,,,,,,,,,,,,,,,,,,
,,,,,,,,,,,,,,,,,,
,,,,,,,,,,,,,,,,,,
,,,,,,,,,,,,,,,,,,
,,,,,,,,,,,,,,,,,,
,,,,,,,,,,,,,,,,,,
,,,,,,,,,,,,,,,,,,
,,,,,,,,,,,,,,,,,,
,,,,,,,,,,,,,,,,,,
,,,,,,,,,,,,,,,,,,
,,,,,,,,,,,,,,,,,,
,,,,,,,,,,,,,,,,,,
,,,,,,,,,,,,,,,,,,
,,,,,,,,,,,,,,,,,,
,,,,,,,,,,,,,,,,,,
,,,,,,,,,,,,,,,,,,
,,,,,,,,,,,,,,,,,,
,,,,,,,,,,,,,,,,,,
,,,,,,,,,,,,,,,,,,
,,,,,,,,,,,,,,,,,,
,,,,,,,,,,,,,,,,,,
,,,,,,,,,,,,,,,,,,
,,,,,,,,,,,,,,,,,,
,,,,,,,,,,,,,,,,,,
,,,,,,,,,,,,,,,,,,
,,,,,,,,,,,,,,,,,,
,,,,,,,,,,,,,,,,,,
,,,,,,,,,,,,,,,,,,
,,,,,,,,,,,,,,,,,,
,,,,,,,,,,,,,,,,,,
,,,,,,,,,,,,,,,,,,
,,,,,,,,,,,,,,,,,,
,,,,,,,,,,,,,,,,,,
,,,,,,,,,,,,,,,,,,
,,,,,,,,,,,,,,,,,,
,,,,,,,,,,,,,,,,,,
,,,,,,,,,,,,,,,,,,
,,,,,,,,,,,,,,,,,,
,,,,,,,,,,,,,,,,,,
,,,,,,,,,,,,,,,,,,
,,,,,,,,,,,,,,,,,,
,,,,,,,,,,,,,,,,,,
,,,,,,,,,,,,,,,,,,
,,,,,,,,,,,,,,,,,,
,,,,,,,,,,,,,,,,,,
,,,,,,,,,,,,,,,,,,
,,,,,,,,,,,,,,,,,,
,,,,,,,,,,,,,,,,,,
,,,,,,,,,,,,,,,,,,
,,,,,,,,,,,,,,,,,,
,,,,,,,,,,,,,,,,,,
,,,,,,,,,,,,,,,,,,
,,,,,,,,,,,,,,,,,,
,,,,,,,,,,,,,,,,,,
,,,,,,,,,,,,,,,,,,
,,,,,,,,,,,,,,,,,,
,,,,,,,,,,,,,,,,,,
,,,,,,,,,,,,,,,,,,
,,,,,,,,,,,,,,,,,,
,,,,,,,,,,,,,,,,,,
,,,,,,,,,,,,,,,,,,
,,,,,,,,,,,,,,,,,,
,,,,,,,,,,,,,,,,,,
,,,,,,,,,,,,,,,,,,
,,,,,,,,,,,,,,,,,,
,,,,,,,,,,,,,,,,,,
,,,,,,,,,,,,,,,,,,
,,,,,,,,,,,,,,,,,,
,,,,,,,,,,,,,,,,,,
,,,,,,,,,,,,,,,,,,
,,,,,,,,,,,,,,,,,,
,,,,,,,,,,,,,,,,,,
,,,,,,,,,,,,,,,,,,
,,,,,,,,,,,,,,,,,,
,,,,,,,,,,,,,,,,,,
,,,,,,,,,,,,,,,,,,
,,,,,,,,,,,,,,,,,,
,,,,,,,,,,,,,,,,,,
,,,,,,,,,,,,,,,,,,
,,,,,,,,,,,,,,,,,,
,,,,,,,,,,,,,,,,,,
,,,,,,,,,,,,,,,,,,
,,,,,,,,,,,,,,,,,,
,,,,,,,,,,,,,,,,,,
,,,,,,,,,,,,,,,,,,
,,,,,,,,,,,,,,,,,,
,,,,,,,,,,,,,,,,,,
,,,,,,,,,,,,,,,,,,
,,,,,,,,,,,,,,,,,,
,,,,,,,,,,,,,,,,,,
,,,,,,,,,,,,,,,,,,
,,,,,,,,,,,,,,,,,,
,,,,,,,,,,,,,,,,,,
,,,,,,,,,,,,,,,,,,
,,,,,,,,,,,,,,,,,,
,,,,,,,,,,,,,,,,,,
,,,,,,,,,,,,,,,,,,
,,,,,,,,,,,,,,,,,,
,,,,,,,,,,,,,,,,,,
,,,,,,,,,,,,,,,,,,
,,,,,,,,,,,,,,,,,,
,,,,,,,,,,,,,,,,,,
,,,,,,,,,,,,,,,,,,
,,,,,,,,,,,,,,,,,,
,,,,,,,,,,,,,,,,,,
,,,,,,,,,,,,,,,,,,
,,,,,,,,,,,,,,,,,,
,,,,,,,,,,,,,,,,,,
,,,,,,,,,,,,,,,,,,
,,,,,,,,,,,,,,,,,,
,,,,,,,,,,,,,,,,,,
,,,,,,,,,,,,,,,,,,
,,,,,,,,,,,,,,,,,,
,,,,,,,,,,,,,,,,,,
,,,,,,,,,,,,,,,,,,
,,,,,,,,,,,,,,,,,,
,,,,,,,,,,,,,,,,,,
,,,,,,,,,,,,,,,,,,
,,,,,,,,,,,,,,,,,,
,,,,,,,,,,,,,,,,,,
,,,,,,,,,,,,,,,,,,
,,,,,,,,,,,,,,,,,,
,,,,,,,,,,,,,,,,,,
,,,,,,,,,,,,,,,,,,
,,,,,,,,,,,,,,,,,,
,,,,,,,,,,,,,,,,,,
,,,,,,,,,,,,,,,,,,
,,,,,,,,,,,,,,,,,,
,,,,,,,,,,,,,,,,,,
,,,,,,,,,,,,,,,,,,
,,,,,,,,,,,,,,,,,,
,,,,,,,,,,,,,,,,,,
,,,,,,,,,,,,,,,,,,
,,,,,,,,,,,,,,,,,,
,,,,,,,,,,,,,,,,,,
,,,,,,,,,,,,,,,,,,
,,,,,,,,,,,,,,,,,,
,,,,,,,,,,,,,,,,,,
,,,,,,,,,,,,,,,,,,
,,,,,,,,,,,,,,,,,,
,,,,,,,,,,,,,,,,,,
,,,,,,,,,,,,,,,,,,
,,,,,,,,,,,,,,,,,,
,,,,,,,,,,,,,,,,,,
,,,,,,,,,,,,,,,,,,
,,,,,,,,,,,,,,,,,,
,,,,,,,,,,,,,,,,,,
,,,,,,,,,,,,,,,,,,
,,,,,,,,,,,,,,,,,,
,,,,,,,,,,,,,,,,,,
,,,,,,,,,,,,,,,,,,
,,,,,,,,,,,,,,,,,,
,,,,,,,,,,,,,,,,,,
,,,,,,,,,,,,,,,,,,
,,,,,,,,,,,,,,,,,,
,,,,,,,,,,,,,,,,,,
,,,,,,,,,,,,,,,,,,
,,,,,,,,,,,,,,,,,,
,,,,,,,,,,,,,,,,,,
,,,,,,,,,,,,,,,,,,
,,,,,,,,,,,,,,,,,,
,,,,,,,,,,,,,,,,,,
,,,,,,,,,,,,,,,,,,
,,,,,,,,,,,,,,,,,,
,,,,,,,,,,,,,,,,,,
,,,,,,,,,,,,,,,,,,
,,,,,,,,,,,,,,,,,,
,,,,,,,,,,,,,,,,,,
,,,,,,,,,,,,,,,,,,
,,,,,,,,,,,,,,,,,,
,,,,,,,,,,,,,,,,,,
,,,,,,,,,,,,,,,,,,
,,,,,,,,,,,,,,,,,,
,,,,,,,,,,,,,,,,,,
,,,,,,,,,,,,,,,,,,
,,,,,,,,,,,,,,,,,,
,,,,,,,,,,,,,,,,,,
,,,,,,,,,,,,,,,,,,
,,,,,,,,,,,,,,,,,,
,,,,,,,,,,,,,,,,,,
,,,,,,,,,,,,,,,,,,
,,,,,,,,,,,,,,,,,,
,,,,,,,,,,,,,,,,,,
,,,,,,,,,,,,,,,,,,
,,,,,,,,,,,,,,,,,,
,,,,,,,,,,,,,,,,,,
,,,,,,,,,,,,,,,,,,
,,,,,,,,,,,,,,,,,,
,,,,,,,,,,,,,,,,,,
,,,,,,,,,,,,,,,,,,
,,,,,,,,,,,,,,,,,,
,,,,,,,,,,,,,,,,,,
,,,,,,,,,,,,,,,,,,
,,,,,,,,,,,,,,,,,,
,,,,,,,,,,,,,,,,,,
,,,,,,,,,,,,,,,,,,
,,,,,,,,,,,,,,,,,,
,,,,,,,,,,,,,,,,,,
,,,,,,,,,,,,,,,,,,
,,,,,,,,,,,,,,,,,,
,,,,,,,,,,,,,,,,,,
,,,,,,,,,,,,,,,,,,
,,,,,,,,,,,,,,,,,,
,,,,,,,,,,,,,,,,,,
,,,,,,,,,,,,,,,,,,
,,,,,,,,,,,,,,,,,,
,,,,,,,,,,,,,,,,,,
,,,,,,,,,,,,,,,,,,
,,,,,,,,,,,,,,,,,,
,,,,,,,,,,,,,,,,,,
,,,,,,,,,,,,,,,,,,
,,,,,,,,,,,,,,,,,,
,,,,,,,,,,,,,,,,,,
,,,,,,,,,,,,,,,,,,
,,,,,,,,,,,,,,,,,,
,,,,,,,,,,,,,,,,,,
,,,,,,,,,,,,,,,,,,
,,,,,,,,,,,,,,,,,,
,,,,,,,,,,,,,,,,,,
,,,,,,,,,,,,,,,,,,
,,,,,,,,,,,,,,,,,,
,,,,,,,,,,,,,,,,,,
,,,,,,,,,,,,,,,,,,
,,,,,,,,,,,,,,,,,,
,,,,,,,,,,,,,,,,,,
,,,,,,,,,,,,,,,,,,
,,,,,,,,,,,,,,,,,,
,,,,,,,,,,,,,,,,,,
,,,,,,,,,,,,,,,,,,
,,,,,,,,,,,,,,,,,,
,,,,,,,,,,,,,,,,,,
,,,,,,,,,,,,,,,,,,
,,,,,,,,,,,,,,,,,,
,,,,,,,,,,,,,,,,,,
,,,,,,,,,,,,,,,,,,
,,,,,,,,,,,,,,,,,,
,,,,,,,,,,,,,,,,,,
,,,,,,,,,,,,,,,,,,
,,,,,,,,,,,,,,,,,,
,,,,,,,,,,,,,,,,,,
,,,,,,,,,,,,,,,,,,
,,,,,,,,,,,,,,,,,,
,,,,,,,,,,,,,,,,,,
,,,,,,,,,,,,,,,,,,
,,,,,,,,,,,,,,,,,,
,,,,,,,,,,,,,,,,,,
,,,,,,,,,,,,,,,,,,
,,,,,,,,,,,,,,,,,,
,,,,,,,,,,,,,,,,,,
,,,,,,,,,,,,,,,,,,
,,,,,,,,,,,,,,,,,,
,,,,,,,,,,,,,,,,,,
,,,,,,,,,,,,,,,,,,
,,,,,,,,,,,,,,,,,,
,,,,,,,,,,,,,,,,,,
,,,,,,,,,,,,,,,,,,
,,,,,,,,,,,,,,,,,,
,,,,,,,,,,,,,,,,,,
,,,,,,,,,,,,,,,,,,
,,,,,,,,,,,,,,,,,,
,,,,,,,,,,,,,,,,,,
,,,,,,,,,,,,,,,,,,
,,,,,,,,,,,,,,,,,,
,,,,,,,,,,,,,,,,,,
,,,,,,,,,,,,,,,,,,
,,,,,,,,,,,,,,,,,,
,,,,,,,,,,,,,,,,,,
,,,,,,,,,,,,,,,,,,
,,,,,,,,,,,,,,,,,,
,,,,,,,,,,,,,,,,,,
,,,,,,,,,,,,,,,,,,
,,,,,,,,,,,,,,,,,,
,,,,,,,,,,,,,,,,,,
,,,,,,,,,,,,,,,,,,
,,,,,,,,,,,,,,,,,,
,,,,,,,,,,,,,,,,,,
,,,,,,,,,,,,,,,,,,
,,,,,,,,,,,,,,,,,,
,,,,,,,,,,,,,,,,,,
,,,,,,,,,,,,,,,,,,
,,,,,,,,,,,,,,,,,,
,,,,,,,,,,,,,,,,,,
,,,,,,,,,,,,,,,,,,
,,,,,,,,,,,,,,,,,,
,,,,,,,,,,,,,,,,,,
,,,,,,,,,,,,,,,,,,
,,,,,,,,,,,,,,,,,,
,,,,,,,,,,,,,,,,,,
,,,,,,,,,,,,,,,,,,
,,,,,,,,,,,,,,,,,,
,,,,,,,,,,,,,,,,,,
,,,,,,,,,,,,,,,,,,
,,,,,,,,,,,,,,,,,,
,,,,,,,,,,,,,,,,,,
,,,,,,,,,,,,,,,,,,
,,,,,,,,,,,,,,,,,,
,,,,,,,,,,,,,,,,,,
,,,,,,,,,,,,,,,,,,
,,,,,,,,,,,,,,,,,,
,,,,,,,,,,,,,,,,,,
,,,,,,,,,,,,,,,,,,
,,,,,,,,,,,,,,,,,,
,,,,,,,,,,,,,,,,,,
,,,,,,,,,,,,,,,,,,
,,,,,,,,,,,,,,,,,,
,,,,,,,,,,,,,,,,,,
,,,,,,,,,,,,,,,,,,
,,,,,,,,,,,,,,,,,,
,,,,,,,,,,,,,,,,,,
,,,,,,,,,,,,,,,,,,
,,,,,,,,,,,,,,,,,,
,,,,,,,,,,,,,,,,,,
,,,,,,,,,,,,,,,,,,
,,,,,,,,,,,,,,,,,,
,,,,,,,,,,,,,,,,,,
,,,,,,,,,,,,,,,,,,
,,,,,,,,,,,,,,,,,,
,,,,,,,,,,,,,,,,,,
,,,,,,,,,,,,,,,,,,
,,,,,,,,,,,,,,,,,,
,,,,,,,,,,,,,,,,,,
,,,,,,,,,,,,,,,,,,
,,,,,,,,,,,,,,,,,,
,,,,,,,,,,,,,,,,,,
,,,,,,,,,,,,,,,,,,
,,,,,,,,,,,,,,,,,,
,,,,,,,,,,,,,,,,,,
,,,,,,,,,,,,,,,,,,
,,,,,,,,,,,,,,,,,,
,,,,,,,,,,,,,,,,,,
,,,,,,,,,,,,,,,,,,
,,,,,,,,,,,,,,,,,,
,,,,,,,,,,,,,,,,,,
,,,,,,,,,,,,,,,,,,
,,,,,,,,,,,,,,,,,,
,,,,,,,,,,,,,,,,,,
,,,,,,,,,,,,,,,,,,
,,,,,,,,,,,,,,,,,,
,,,,,,,,,,,,,,,,,,
,,,,,,,,,,,,,,,,,,
,,,,,,,,,,,,,,,,,,
,,,,,,,,,,,,,,,,,,
,,,,,,,,,,,,,,,,,,
,,,,,,,,,,,,,,,,,,
,,,,,,,,,,,,,,,,,,
,,,,,,,,,,,,,,,,,,
,,,,,,,,,,,,,,,,,,
,,,,,,,,,,,,,,,,,,
,,,,,,,,,,,,,,,,,,
,,,,,,,,,,,,,,,,,,
,,,,,,,,,,,,,,,,,,
,,,,,,,,,,,,,,,,,,
,,,,,,,,,,,,,,,,,,
,,,,,,,,,,,,,,,,,,
,,,,,,,,,,,,,,,,,,
,,,,,,,,,,,,,,,,,,
,,,,,,,,,,,,,,,,,,
,,,,,,,,,,,,,,,,,,
,,,,,,,,,,,,,,,,,,
,,,,,,,,,,,,,,,,,,
,,,,,,,,,,,,,,,,,,
,,,,,,,,,,,,,,,,,,
,,,,,,,,,,,,,,,,,,
,,,,,,,,,,,,,,,,,,
,,,,,,,,,,,,,,,,,,
,,,,,,,,,,,,,,,,,,
,,,,,,,,,,,,,,,,,,
,,,,,,,,,,,,,,,,,,
,,,,,,,,,,,,,,,,,,
,,,,,,,,,,,,,,,,,,
,,,,,,,,,,,,,,,,,,
,,,,,,,,,,,,,,,,,,
,,,,,,,,,,,,,,,,,,
,,,,,,,,,,,,,,,,,,
,,,,,,,,,,,,,,,,,,
,,,,,,,,,,,,,,,,,,
,,,,,,,,,,,,,,,,,,
,,,,,,,,,,,,,,,,,,
,,,,,,,,,,,,,,,,,,
,,,,,,,,,,,,,,,,,,
,,,,,,,,,,,,,,,,,,
,,,,,,,,,,,,,,,,,,
,,,,,,,,,,,,,,,,,,
,,,,,,,,,,,,,,,,,,
,,,,,,,,,,,,,,,,,,
,,,,,,,,,,,,,,,,,,
,,,,,,,,,,,,,,,,,,
,,,,,,,,,,,,,,,,,,
,,,,,,,,,,,,,,,,,,
,,,,,,,,,,,,,,,,,,
,,,,,,,,,,,,,,,,,,
,,,,,,,,,,,,,,,,,,
,,,,,,,,,,,,,,,,,,
,,,,,,,,,,,,,,,,,,
,,,,,,,,,,,,,,,,,,
,,,,,,,,,,,,,,,,,,
,,,,,,,,,,,,,,,,,,
,,,,,,,,,,,,,,,,,,
,,,,,,,,,,,,,,,,,,
,,,,,,,,,,,,,,,,,,
,,,,,,,,,,,,,,,,,,
,,,,,,,,,,,,,,,,,,
,,,,,,,,,,,,,,,,,,
,,,,,,,,,,,,,,,,,,
,,,,,,,,,,,,,,,,,,
,,,,,,,,,,,,,,,,,,
,,,,,,,,,,,,,,,,,,
,,,,,,,,,,,,,,,,,,
,,,,,,,,,,,,,,,,,,
,,,,,,,,,,,,,,,,,,
,,,,,,,,,,,,,,,,,,
,,,,,,,,,,,,,,,,,,
,,,,,,,,,,,,,,,,,,
,,,,,,,,,,,,,,,,,,
,,,,,,,,,,,,,,,,,,
,,,,,,,,,,,,,,,,,,
,,,,,,,,,,,,,,,,,,
,,,,,,,,,,,,,,,,,,
,,,,,,,,,,,,,,,,,,
,,,,,,,,,,,,,,,,,,
,,,,,,,,,,,,,,,,,,
,,,,,,,,,,,,,,,,,,
,,,,,,,,,,,,,,,,,,
,,,,,,,,,,,,,,,,,,
,,,,,,,,,,,,,,,,,,
,,,,,,,,,,,,,,,,,,
,,,,,,,,,,,,,,,,,,
,,,,,,,,,,,,,,,,,,
,,,,,,,,,,,,,,,,,,
,,,,,,,,,,,,,,,,,,
,,,,,,,,,,,,,,,,,,
,,,,,,,,,,,,,,,,,,
,,,,,,,,,,,,,,,,,,
,,,,,,,,,,,,,,,,,,
,,,,,,,,,,,,,,,,,,
,,,,,,,,,,,,,,,,,,
,,,,,,,,,,,,,,,,,,
,,,,,,,,,,,,,,,,,,
,,,,,,,,,,,,,,,,,,
,,,,,,,,,,,,,,,,,,
,,,,,,,,,,,,,,,,,,
,,,,,,,,,,,,,,,,,,
,,,,,,,,,,,,,,,,,,
,,,,,,,,,,,,,,,,,,
,,,,,,,,,,,,,,,,,,
,,,,,,,,,,,,,,,,,,
,,,,,,,,,,,,,,,,,,
,,,,,,,,,,,,,,,,,,
,,,,,,,,,,,,,,,,,,
,,,,,,,,,,,,,,,,,,
,,,,,,,,,,,,,,,,,,
,,,,,,,,,,,,,,,,,,
,,,,,,,,,,,,,,,,,,
,,,,,,,,,,,,,,,,,,
,,,,,,,,,,,,,,,,,,
,,,,,,,,,,,,,,,,,,
,,,,,,,,,,,,,,,,,,
,,,,,,,,,,,,,,,,,,
,,,,,,,,,,,,,,,,,,
,,,,,,,,,,,,,,,,,,
,,,,,,,,,,,,,,,,,,
,,,,,,,,,,,,,,,,,,
,,,,,,,,,,,,,,,,,,
,,,,,,,,,,,,,,,,,,
,,,,,,,,,,,,,,,,,,
,,,,,,,,,,,,,,,,,,
,,,,,,,,,,,,,,,,,,
,,,,,,,,,,,,,,,,,,
,,,,,,,,,,,,,,,,,,
,,,,,,,,,,,,,,,,,,
,,,,,,,,,,,,,,,,,,
,,,,,,,,,,,,,,,,,,
,,,,,,,,,,,,,,,,,,
,,,,,,,,,,,,,,,,,,
,,,,,,,,,,,,,,,,,,
,,,,,,,,,,,,,,,,,,
,,,,,,,,,,,,,,,,,,
,,,,,,,,,,,,,,,,,,
,,,,,,,,,,,,,,,,,,
,,,,,,,,,,,,,,,,,,
,,,,,,,,,,,,,,,,,,
,,,,,,,,,,,,,,,,,,
,,,,,,,,,,,,,,,,,,
,,,,,,,,,,,,,,,,,,
,,,,,,,,,,,,,,,,,,
,,,,,,,,,,,,,,,,,,
,,,,,,,,,,,,,,,,,,
,,,,,,,,,,,,,,,,,,
,,,,,,,,,,,,,,,,,,
,,,,,,,,,,,,,,,,,,
,,,,,,,,,,,,,,,,,,
,,,,,,,,,,,,,,,,,,
,,,,,,,,,,,,,,,,,,
,,,,,,,,,,,,,,,,,,
,,,,,,,,,,,,,,,,,,
,,,,,,,,,,,,,,,,,,
,,,,,,,,,,,,,,,,,,
,,,,,,,,,,,,,,,,,,
,,,,,,,,,,,,,,,,,,
,,,,,,,,,,,,,,,,,,
,,,,,,,,,,,,,,,,,,
,,,,,,,,,,,,,,,,,,
,,,,,,,,,,,,,,,,,,
,,,,,,,,,,,,,,,,,,
,,,,,,,,,,,,,,,,,,
,,,,,,,,,,,,,,,,,,
,,,,,,,,,,,,,,,,,,
,,,,,,,,,,,,,,,,,,
,,,,,,,,,,,,,,,,,,
,,,,,,,,,,,,,,,,,,
,,,,,,,,,,,,,,,,,,
,,,,,,,,,,,,,,,,,,
,,,,,,,,,,,,,,,,,,
,,,,,,,,,,,,,,,,,,
,,,,,,,,,,,,,,,,,,
,,,,,,,,,,,,,,,,,,
,,,,,,,,,,,,,,,,,,
,,,,,,,,,,,,,,,,,,
,,,,,,,,,,,,,,,,,,
,,,,,,,,,,,,,,,,,,
,,,,,,,,,,,,,,,,,,
,,,,,,,,,,,,,,,,,,
,,,,,,,,,,,,,,,,,,
,,,,,,,,,,,,,,,,,,
,,,,,,,,,,,,,,,,,,
,,,,,,,,,,,,,,,,,,
,,,,,,,,,,,,,,,,,,
,,,,,,,,,,,,,,,,,,
,,,,,,,,,,,,,,,,,,
,,,,,,,,,,,,,,,,,,
,,,,,,,,,,,,,,,,,,
,,,,,,,,,,,,,,,,,,
,,,,,,,,,,,,,,,,,,
,,,,,,,,,,,,,,,,,,
,,,,,,,,,,,,,,,,,,
,,,,,,,,,,,,,,,,,,
,,,,,,,,,,,,,,,,,,
,,,,,,,,,,,,,,,,,,
,,,,,,,,,,,,,,,,,,
,,,,,,,,,,,,,,,,,,
,,,,,,,,,,,,,,,,,,
,,,,,,,,,,,,,,,,,,
,,,,,,,,,,,,,,,,,,
,,,,,,,,,,,,,,,,,,
,,,,,,,,,,,,,,,,,,
,,,,,,,,,,,,,,,,,,
,,,,,,,,,,,,,,,,,,
,,,,,,,,,,,,,,,,,,
,,,,,,,,,,,,,,,,,,
,,,,,,,,,,,,,,,,,,
,,,,,,,,,,,,,,,,,,
,,,,,,,,,,,,,,,,,,
,,,,,,,,,,,,,,,,,,
,,,,,,,,,,,,,,,,,,
,,,,,,,,,,,,,,,,,,
,,,,,,,,,,,,,,,,,,
,,,,,,,,,,,,,,,,,,
,,,,,,,,,,,,,,,,,,
,,,,,,,,,,,,,,,,,,
,,,,,,,,,,,,,,,,,,
,,,,,,,,,,,,,,,,,,
,,,,,,,,,,,,,,,,,,
,,,,,,,,,,,,,,,,,,
,,,,,,,,,,,,,,,,,,
,,,,,,,,,,,,,,,,,,
,,,,,,,,,,,,,,,,,,
,,,,,,,,,,,,,,,,,,
,,,,,,,,,,,,,,,,,,
,,,,,,,,,,,,,,,,,,
,,,,,,,,,,,,,,,,,,
,,,,,,,,,,,,,,,,,,
,,,,,,,,,,,,,,,,,,
,,,,,,,,,,,,,,,,,,
,,,,,,,,,,,,,,,,,,
,,,,,,,,,,,,,,,,,,
,,,,,,,,,,,,,,,,,,
,,,,,,,,,,,,,,,,,,
,,,,,,,,,,,,,,,,,,
,,,,,,,,,,,,,,,,,,
,,,,,,,,,,,,,,,,,,
,,,,,,,,,,,,,,,,,,
,,,,,,,,,,,,,,,,,,
,,,,,,,,,,,,,,,,,,
,,,,,,,,,,,,,,,,,,
,,,,,,,,,,,,,,,,,,
,,,,,,,,,,,,,,,,,,
,,,,,,,,,,,,,,,,,,
,,,,,,,,,,,,,,,,,,
,,,,,,,,,,,,,,,,,,
,,,,,,,,,,,,,,,,,,
,,,,,,,,,,,,,,,,,,
,,,,,,,,,,,,,,,,,,
,,,,,,,,,,,,,,,,,,
,,,,,,,,,,,,,,,,,,
,,,,,,,,,,,,,,,,,,
,,,,,,,,,,,,,,,,,,
,,,,,,,,,,,,,,,,,,
,,,,,,,,,,,,,,,,,,
,,,,,,,,,,,,,,,,,,
,,,,,,,,,,,,,,,,,,
,,,,,,,,,,,,,,,,,,
,,,,,,,,,,,,,,,,,,
,,,,,,,,,,,,,,,,,,
,,,,,,,,,,,,,,,,,,
,,,,,,,,,,,,,,,,,,
,,,,,,,,,,,,,,,,,,
,,,,,,,,,,,,,,,,,,
,,,,,,,,,,,,,,,,,,
,,,,,,,,,,,,,,,,,,
,,,,,,,,,,,,,,,,,,
,,,,,,,,,,,,,,,,,,
,,,,,,,,,,,,,,,,,,
,,,,,,,,,,,,,,,,,,
,,,,,,,,,,,,,,,,,,
,,,,,,,,,,,,,,,,,,
,,,,,,,,,,,,,,,,,,
,,,,,,,,,,,,,,,,,,
,,,,,,,,,,,,,,,,,,
,,,,,,,,,,,,,,,,,,
,,,,,,,,,,,,,,,,,,
,,,,,,,,,,,,,,,,,,
,,,,,,,,,,,,,,,,,,
,,,,,,,,,,,,,,,,,,
,,,,,,,,,,,,,,,,,,
,,,,,,,,,,,,,,,,,,
,,,,,,,,,,,,,,,,,,
,,,,,,,,,,,,,,,,,,
,,,,,,,,,,,,,,,,,,
,,,,,,,,,,,,,,,,,,
,,,,,,,,,,,,,,,,,,
,,,,,,,,,,,,,,,,,,
,,,,,,,,,,,,,,,,,,
,,,,,,,,,,,,,,,,,,
,,,,,,,,,,,,,,,,,,
,,,,,,,,,,,,,,,,,,
,,,,,,,,,,,,,,,,,,
,,,,,,,,,,,,,,,,,,
,,,,,,,,,,,,,,,,,,
,,,,,,,,,,,,,,,,,,
,,,,,,,,,,,,,,,,,,
,,,,,,,,,,,,,,,,,,
,,,,,,,,,,,,,,,,,,
,,,,,,,,,,,,,,,,,,
,,,,,,,,,,,,,,,,,,
,,,,,,,,,,,,,,,,,,
,,,,,,,,,,,,,,,,,,
,,,,,,,,,,,,,,,,,,
,,,,,,,,,,,,,,,,,,
,,,,,,,,,,,,,,,,,,
,,,,,,,,,,,,,,,,,,
,,,,,,,,,,,,,,,,,,
,,,,,,,,,,,,,,,,,,
,,,,,,,,,,,,,,,,,,
,,,,,,,,,,,,,,,,,,
,,,,,,,,,,,,,,,,,,
,,,,,,,,,,,,,,,,,,
,,,,,,,,,,,,,,,,,,
,,,,,,,,,,,,,,,,,,
,,,,,,,,,,,,,,,,,,
,,,,,,,,,,,,,,,,,,
,,,,,,,,,,,,,,,,,,
,,,,,,,,,,,,,,,,,,
,,,,,,,,,,,,,,,,,,
,,,,,,,,,,,,,,,,,,
,,,,,,,,,,,,,,,,,,
,,,,,,,,,,,,,,,,,,
,,,,,,,,,,,,,,,,,,
,,,,,,,,,,,,,,,,,,
,,,,,,,,,,,,,,,,,,
,,,,,,,,,,,,,,,,,,
,,,,,,,,,,,,,,,,,,
,,,,,,,,,,,,,,,,,,
,,,,,,,,,,,,,,,,,,
,,,,,,,,,,,,,,,,,,
,,,,,,,,,,,,,,,,,,
,,,,,,,,,,,,,,,,,,
,,,,,,,,,,,,,,,,,,
,,,,,,,,,,,,,,,,,,
,,,,,,,,,,,,,,,,,,
,,,,,,,,,,,,,,,,,,
,,,,,,,,,,,,,,,,,,
,,,,,,,,,,,,,,,,,,
,,,,,,,,,,,,,,,,,,
,,,,,,,,,,,,,,,,,,
,,,,,,,,,,,,,,,,,,
,,,,,,,,,,,,,,,,,,
,,,,,,,,,,,,,,,,,,
,,,,,,,,,,,,,,,,,,
,,,,,,,,,,,,,,,,,,
,,,,,,,,,,,,,,,,,,
,,,,,,,,,,,,,,,,,,
,,,,,,,,,,,,,,,,,,
,,,,,,,,,,,,,,,,,,
,,,,,,,,,,,,,,,,,,
,,,,,,,,,,,,,,,,,,
,,,,,,,,,,,,,,,,,,
,,,,,,,,,,,,,,,,,,
,,,,,,,,,,,,,,,,,,
,,,,,,,,,,,,,,,,,,
,,,,,,,,,,,,,,,,,,
,,,,,,,,,,,,,,,,,,
,,,,,,,,,,,,,,,,,,
,,,,,,,,,,,,,,,,,,
,,,,,,,,,,,,,,,,,,
,,,,,,,,,,,,,,,,,,
,,,,,,,,,,,,,,,,,,
,,,,,,,,,,,,,,,,,,
,,,,,,,,,,,,,,,,,,
,,,,,,,,,,,,,,,,,,
,,,,,,,,,,,,,,,,,,
,,,,,,,,,,,,,,,,,,
,,,,,,,,,,,,,,,,,,
,,,,,,,,,,,,,,,,,,
,,,,,,,,,,,,,,,,,,
,,,,,,,,,,,,,,,,,,
,,,,,,,,,,,,,,,,,,
,,,,,,,,,,,,,,,,,,
,,,,,,,,,,,,,,,,,,
,,,,,,,,,,,,,,,,,,
,,,,,,,,,,,,,,,,,,
,,,,,,,,,,,,,,,,,,
,,,,,,,,,,,,,,,,,,
,,,,,,,,,,,,,,,,,,
,,,,,,,,,,,,,,,,,,
,,,,,,,,,,,,,,,,,,
,,,,,,,,,,,,,,,,,,
,,,,,,,,,,,,,,,,,,
,,,,,,,,,,,,,,,,,,
,,,,,,,,,,,,,,,,,,
,,,,,,,,,,,,,,,,,,
,,,,,,,,,,,,,,,,,,
,,,,,,,,,,,,,,,,,,
,,,,,,,,,,,,,,,,,,
,,,,,,,,,,,,,,,,,,
,,,,,,,,,,,,,,,,,,
,,,,,,,,,,,,,,,,,,
,,,,,,,,,,,,,,,,,,
,,,,,,,,,,,,,,,,,,
,,,,,,,,,,,,,,,,,,
,,,,,,,,,,,,,,,,,,
,,,,,,,,,,,,,,,,,,
,,,,,,,,,,,,,,,,,,
,,,,,,,,,,,,,,,,,,
,,,,,,,,,,,,,,,,,,
,,,,,,,,,,,,,,,,,,
,,,,,,,,,,,,,,,,,,
,,,,,,,,,,,,,,,,,,
,,,,,,,,,,,,,,,,,,
,,,,,,,,,,,,,,,,,,
,,,,,,,,,,,,,,,,,,
,,,,,,,,,,,,,,,,,,
,,,,,,,,,,,,,,,,,,
,,,,,,,,,,,,,,,,,,
,,,,,,,,,,,,,,,,,,
,,,,,,,,,,,,,,,,,,
,,,,,,,,,,,,,,,,,,
,,,,,,,,,,,,,,,,,,
,,,,,,,,,,,,,,,,,,
,,,,,,,,,,,,,,,,,,
,,,,,,,,,,,,,,,,,,
,,,,,,,,,,,,,,,,,,
,,,,,,,,,,,,,,,,,,
,,,,,,,,,,,,,,,,,,
,,,,,,,,,,,,,,,,,,
,,,,,,,,,,,,,,,,,,
,,,,,,,,,,,,,,,,,,
,,,,,,,,,,,,,,,,,,
,,,,,,,,,,,,,,,,,,
,,,,,,,,,,,,,,,,,,
,,,,,,,,,,,,,,,,,,
,,,,,,,,,,,,,,,,,,
,,,,,,,,,,,,,,,,,,
,,,,,,,,,,,,,,,,,,
,,,,,,,,,,,,,,,,,,
,,,,,,,,,,,,,,,,,,
,,,,,,,,,,,,,,,,,,
,,,,,,,,,,,,,,,,,,
,,,,,,,,,,,,,,,,,,
,,,,,,,,,,,,,,,,,,
,,,,,,,,,,,,,,,,,,
,,,,,,,,,,,,,,,,,,
,,,,,,,,,,,,,,,,,,
,,,,,,,,,,,,,,,,,,
,,,,,,,,,,,,,,,,,,
,,,,,,,,,,,,,,,,,,
,,,,,,,,,,,,,,,,,,
,,,,,,,,,,,,,,,,,,
,,,,,,,,,,,,,,,,,,
,,,,,,,,,,,,,,,,,,
,,,,,,,,,,,,,,,,,,
,,,,,,,,,,,,,,,,,,
,,,,,,,,,,,,,,,,,,
,,,,,,,,,,,,,,,,,,
,,,,,,,,,,,,,,,,,,
,,,,,,,,,,,,,,,,,,
,,,,,,,,,,,,,,,,,,
,,,,,,,,,,,,,,,,,,
,,,,,,,,,,,,,,,,,,
,,,,,,,,,,,,,,,,,,
,,,,,,,,,,,,,,,,,,
,,,,,,,,,,,,,,,,,,
,,,,,,,,,,,,,,,,,,
,,,,,,,,,,,,,,,,,,
,,,,,,,,,,,,,,,,,,
,,,,,,,,,,,,,,,,,,
,,,,,,,,,,,,,,,,,,
,,,,,,,,,,,,,,,,,,
,,,,,,,,,,,,,,,,,,
,,,,,,,,,,,,,,,,,,
,,,,,,,,,,,,,,,,,,
,,,,,,,,,,,,,,,,,,
,,,,,,,,,,,,,,,,,,
,,,,,,,,,,,,,,,,,,
,,,,,,,,,,,,,,,,,,
,,,,,,,,,,,,,,,,,,
,,,,,,,,,,,,,,,,,,
,,,,,,,,,,,,,,,,,,
,,,,,,,,,,,,,,,,,,
,,,,,,,,,,,,,,,,,,
,,,,,,,,,,,,,,,,,,
,,,,,,,,,,,,,,,,,,
,,,,,,,,,,,,,,,,,,
,,,,,,,,,,,,,,,,,,
,,,,,,,,,,,,,,,,,,
,,,,,,,,,,,,,,,,,,
,,,,,,,,,,,,,,,,,,
,,,,,,,,,,,,,,,,,,
,,,,,,,,,,,,,,,,,,
,,,,,,,,,,,,,,,,,,
,,,,,,,,,,,,,,,,,,
,,,,,,,,,,,,,,,,,,
,,,,,,,,,,,,,,,,,,
,,,,,,,,,,,,,,,,,,
,,,,,,,,,,,,,,,,,,
,,,,,,,,,,,,,,,,,,
,,,,,,,,,,,,,,,,,,
,,,,,,,,,,,,,,,,,,
,,,,,,,,,,,,,,,,,,
,,,,,,,,,,,,,,,,,,
,,,,,,,,,,,,,,,,,,
,,,,,,,,,,,,,,,,,,
,,,,,,,,,,,,,,,,,,
,,,,,,,,,,,,,,,,,,
,,,,,,,,,,,,,,,,,,
,,,,,,,,,,,,,,,,,,
,,,,,,,,,,,,,,,,,,
,,,,,,,,,,,,,,,,,,
,,,,,,,,,,,,,,,,,,
,,,,,,,,,,,,,,,,,,
,,,,,,,,,,,,,,,,,,
,,,,,,,,,,,,,,,,,,
,,,,,,,,,,,,,,,,,,
,,,,,,,,,,,,,,,,,,
,,,,,,,,,,,,,,,,,,
,,,,,,,,,,,,,,,,,,
,,,,,,,,,,,,,,,,,,
,,,,,,,,,,,,,,,,,,
,,,,,,,,,,,,,,,,,,
,,,,,,,,,,,,,,,,,,
,,,,,,,,,,,,,,,,,,
,,,,,,,,,,,,,,,,,,
,,,,,,,,,,,,,,,,,,
,,,,,,,,,,,,,,,,,,
,,,,,,,,,,,,,,,,,,
,,,,,,,,,,,,,,,,,,
,,,,,,,,,,,,,,,,,,
,,,,,,,,,,,,,,,,,,
,,,,,,,,,,,,,,,,,,
,,,,,,,,,,,,,,,,,,
,,,,,,,,,,,,,,,,,,
,,,,,,,,,,,,,,,,,,
,,,,,,,,,,,,,,,,,,
,,,,,,,,,,,,,,,,,,
,,,,,,,,,,,,,,,,,,
,,,,,,,,,,,,,,,,,,
,,,,,,,,,,,,,,,,,,
,,,,,,,,,,,,,,,,,,
,,,,,,,,,,,,,,,,,,
,,,,,,,,,,,,,,,,,,
,,,,,,,,,,,,,,,,,,
,,,,,,,,,,,,,,,,,,
,,,,,,,,,,,,,,,,,,
,,,,,,,,,,,,,,,,,,
,,,,,,,,,,,,,,,,,,
,,,,,,,,,,,,,,,,,,
,,,,,,,,,,,,,,,,,,
,,,,,,,,,,,,,,,,,,
,,,,,,,,,,,,,,,,,,
,,,,,,,,,,,,,,,,,,
,,,,,,,,,,,,,,,,,,
,,,,,,,,,,,,,,,,,,
,,,,,,,,,,,,,,,,,,
,,,,,,,,,,,,,,,,,,
,,,,,,,,,,,,,,,,,,
,,,,,,,,,,,,,,,,,,
,,,,,,,,,,,,,,,,,,
,,,,,,,,,,,,,,,,,,
,,,,,,,,,,,,,,,,,,
,,,,,,,,,,,,,,,,,,
,,,,,,,,,,,,,,,,,,
,,,,,,,,,,,,,,,,,,
,,,,,,,,,,,,,,,,,,
,,,,,,,,,,,,,,,,,,
,,,,,,,,,,,,,,,,,,
,,,,,,,,,,,,,,,,,,
,,,,,,,,,,,,,,,,,,
,,,,,,,,,,,,,,,,,,
,,,,,,,,,,,,,,,,,,
,,,,,,,,,,,,,,,,,,
,,,,,,,,,,,,,,,,,,
,,,,,,,,,,,,,,,,,,
,,,,,,,,,,,,,,,,,,
,,,,,,,,,,,,,,,,,,
,,,,,,,,,,,,,,,,,,
,,,,,,,,,,,,,,,,,,
,,,,,,,,,,,,,,,,,,
,,,,,,,,,,,,,,,,,,
,,,,,,,,,,,,,,,,,,
,,,,,,,,,,,,,,,,,,
,,,,,,,,,,,,,,,,,,
,,,,,,,,,,,,,,,,,,
,,,,,,,,,,,,,,,,,,
,,,,,,,,,,,,,,,,,,
,,,,,,,,,,,,,,,,,,
,,,,,,,,,,,,,,,,,,
,,,,,,,,,,,,,,,,,,
,,,,,,,,,,,,,,,,,,
,,,,,,,,,,,,,,,,,,
,,,,,,,,,,,,,,,,,,
,,,,,,,,,,,,,,,,,,
,,,,,,,,,,,,,,,,,,
,,,,,,,,,,,,,,,,,,
,,,,,,,,,,,,,,,,,,
,,,,,,,,,,,,,,,,,,
,,,,,,,,,,,,,,,,,,
,,,,,,,,,,,,,,,,,,
,,,,,,,,,,,,,,,,,,
,,,,,,,,,,,,,,,,,,
,,,,,,,,,,,,,,,,,,
,,,,,,,,,,,,,,,,,,
,,,,,,,,,,,,,,,,,,
,,,,,,,,,,,,,,,,,,
,,,,,,,,,,,,,,,,,,
,,,,,,,,,,,,,,,,,,
,,,,,,,,,,,,,,,,,,
,,,,,,,,,,,,,,,,,,
,,,,,,,,,,,,,,,,,,
,,,,,,,,,,,,,,,,,,
,,,,,,,,,,,,,,,,,,
,,,,,,,,,,,,,,,,,,
,,,,,,,,,,,,,,,,,,
,,,,,,,,,,,,,,,,,,
,,,,,,,,,,,,,,,,,,
,,,,,,,,,,,,,,,,,,
,,,,,,,,,,,,,,,,,,
,,,,,,,,,,,,,,,,,,
,,,,,,,,,,,,,,,,,,
,,,,,,,,,,,,,,,,,,
,,,,,,,,,,,,,,,,,,
,,,,,,,,,,,,,,,,,,
,,,,,,,,,,,,,,,,,,
,,,,,,,,,,,,,,,,,,
,,,,,,,,,,,,,,,,,,
,,,,,,,,,,,,,,,,,,
,,,,,,,,,,,,,,,,,,
,,,,,,,,,,,,,,,,,,
,,,,,,,,,,,,,,,,,,
,,,,,,,,,,,,,,,,,,
,,,,,,,,,,,,,,,,,,
,,,,,,,,,,,,,,,,,,
,,,,,,,,,,,,,,,,,,
,,,,,,,,,,,,,,,,,,
,,,,,,,,,,,,,,,,,,
,,,,,,,,,,,,,,,,,,
,,,,,,,,,,,,,,,,,,
,,,,,,,,,,,,,,,,,,
,,,,,,,,,,,,,,,,,,
,,,,,,,,,,,,,,,,,,
,,,,,,,,,,,,,,,,,,
,,,,,,,,,,,,,,,,,,
,,,,,,,,,,,,,,,,,,
,,,,,,,,,,,,,,,,,,
,,,,,,,,,,,,,,,,,,
,,,,,,,,,,,,,,,,,,
,,,,,,,,,,,,,,,,,,
,,,,,,,,,,,,,,,,,,
,,,,,,,,,,,,,,,,,,
,,,,,,,,,,,,,,,,,,
,,,,,,,,,,,,,,,,,,
,,,,,,,,,,,,,,,,,,
,,,,,,,,,,,,,,,,,,
,,,,,,,,,,,,,,,,,,
,,,,,,,,,,,,,,,,,,
,,,,,,,,,,,,,,,,,,
,,,,,,,,,,,,,,,,,,
,,,,,,,,,,,,,,,,,,
,,,,,,,,,,,,,,,,,,
,,,,,,,,,,,,,,,,,,
,,,,,,,,,,,,,,,,,,
,,,,,,,,,,,,,,,,,,
,,,,,,,,,,,,,,,,,,
,,,,,,,,,,,,,,,,,,
,,,,,,,,,,,,,,,,,,
,,,,,,,,,,,,,,,,,,
,,,,,,,,,,,,,,,,,,
,,,,,,,,,,,,,,,,,,
,,,,,,,,,,,,,,,,,,
,,,,,,,,,,,,,,,,,,
,,,,,,,,,,,,,,,,,,
,,,,,,,,,,,,,,,,,,
,,,,,,,,,,,,,,,,,,
,,,,,,,,,,,,,,,,,,
,,,,,,,,,,,,,,,,,,
,,,,,,,,,,,,,,,,,,
,,,,,,,,,,,,,,,,,,
,,,,,,,,,,,,,,,,,,
,,,,,,,,,,,,,,,,,,
,,,,,,,,,,,,,,,,,,
,,,,,,,,,,,,,,,,,,
,,,,,,,,,,,,,,,,,,
,,,,,,,,,,,,,,,,,,
,,,,,,,,,,,,,,,,,,
,,,,,,,,,,,,,,,,,,
,,,,,,,,,,,,,,,,,,
,,,,,,,,,,,,,,,,,,
,,,,,,,,,,,,,,,,,,
,,,,,,,,,,,,,,,,,,
,,,,,,,,,,,,,,,,,,
,,,,,,,,,,,,,,,,,,
,,,,,,,,,,,,,,,,,,
,,,,,,,,,,,,,,,,,,
,,,,,,,,,,,,,,,,,,
,,,,,,,,,,,,,,,,,,
,,,,,,,,,,,,,,,,,,
,,,,,,,,,,,,,,,,,,
,,,,,,,,,,,,,,,,,,
,,,,,,,,,,,,,,,,,,
,,,,,,,,,,,,,,,,,,
,,,,,,,,,,,,,,,,,,
,,,,,,,,,,,,,,,,,,
,,,,,,,,,,,,,,,,,,
,,,,,,,,,,,,,,,,,,
,,,,,,,,,,,,,,,,,,
,,,,,,,,,,,,,,,,,,
,,,,,,,,,,,,,,,,,,
,,,,,,,,,,,,,,,,,,
,,,,,,,,,,,,,,,,,,
,,,,,,,,,,,,,,,,,,
,,,,,,,,,,,,,,,,,,
,,,,,,,,,,,,,,,,,,
,,,,,,,,,,,,,,,,,,
,,,,,,,,,,,,,,,,,,
,,,,,,,,,,,,,,,,,,
,,,,,,,,,,,,,,,,,,
,,,,,,,,,,,,,,,,,,
,,,,,,,,,,,,,,,,,,
,,,,,,,,,,,,,,,,,,
,,,,,,,,,,,,,,,,,,
,,,,,,,,,,,,,,,,,,
,,,,,,,,,,,,,,,,,,
,,,,,,,,,,,,,,,,,,
,,,,,,,,,,,,,,,,,,
,,,,,,,,,,,,,,,,,,
,,,,,,,,,,,,,,,,,,
,,,,,,,,,,,,,,,,,,
,,,,,,,,,,,,,,,,,,
,,,,,,,,,,,,,,,,,,
,,,,,,,,,,,,,,,,,,
,,,,,,,,,,,,,,,,,,
,,,,,,,,,,,,,,,,,,
,,,,,,,,,,,,,,,,,,
,,,,,,,,,,,,,,,,,,
,,,,,,,,,,,,,,,,,,
,,,,,,,,,,,,,,,,,,
,,,,,,,,,,,,,,,,,,
,,,,,,,,,,,,,,,,,,
,,,,,,,,,,,,,,,,,,
,,,,,,,,,,,,,,,,,,
,,,,,,,,,,,,,,,,,,
,,,,,,,,,,,,,,,,,,
,,,,,,,,,,,,,,,,,,
,,,,,,,,,,,,,,,,,,
,,,,,,,,,,,,,,,,,,
,,,,,,,,,,,,,,,,,,
,,,,,,,,,,,,,,,,,,
,,,,,,,,,,,,,,,,,,
,,,,,,,,,,,,,,,,,,
,,,,,,,,,,,,,,,,,,
,,,,,,,,,,,,,,,,,,
,,,,,,,,,,,,,,,,,,
,,,,,,,,,,,,,,,,,,
,,,,,,,,,,,,,,,,,,
,,,,,,,,,,,,,,,,,,
,,,,,,,,,,,,,,,,,,
,,,,,,,,,,,,,,,,,,
,,,,,,,,,,,,,,,,,,
,,,,,,,,,,,,,,,,,,
,,,,,,,,,,,,,,,,,,
,,,,,,,,,,,,,,,,,,
,,,,,,,,,,,,,,,,,,
,,,,,,,,,,,,,,,,,,
,,,,,,,,,,,,,,,,,,
,,,,,,,,,,,,,,,,,,
,,,,,,,,,,,,,,,,,,
,,,,,,,,,,,,,,,,,,
,,,,,,,,,,,,,,,,,,
,,,,,,,,,,,,,,,,,,
,,,,,,,,,,,,,,,,,,
,,,,,,,,,,,,,,,,,,
,,,,,,,,,,,,,,,,,,
,,,,,,,,,,,,,,,,,,
,,,,,,,,,,,,,,,,,,
,,,,,,,,,,,,,,,,,,
,,,,,,,,,,,,,,,,,,
,,,,,,,,,,,,,,,,,,
,,,,,,,,,,,,,,,,,,
,,,,,,,,,,,,,,,,,,
,,,,,,,,,,,,,,,,,,
,,,,,,,,,,,,,,,,,,
,,,,,,,,,,,,,,,,,,
,,,,,,,,,,,,,,,,,,
,,,,,,,,,,,,,,,,,,
,,,,,,,,,,,,,,,,,,
,,,,,,,,,,,,,,,,,,
,,,,,,,,,,,,,,,,,,
,,,,,,,,,,,,,,,,,,
,,,,,,,,,,,,,,,,,,
,,,,,,,,,,,,,,,,,,
,,,,,,,,,,,,,,,,,,
,,,,,,,,,,,,,,,,,,
,,,,,,,,,,,,,,,,,,
,,,,,,,,,,,,,,,,,,
,,,,,,,,,,,,,,,,,,
,,,,,,,,,,,,,,,,,,
,,,,,,,,,,,,,,,,,,
,,,,,,,,,,,,,,,,,,
,,,,,,,,,,,,,,,,,,
,,,,,,,,,,,,,,,,,,
,,,,,,,,,,,,,,,,,,
,,,,,,,,,,,,,,,,,,
,,,,,,,,,,,,,,,,,,
,,,,,,,,,,,,,,,,,,
,,,,,,,,,,,,,,,,,,
,,,,,,,,,,,,,,,,,,
,,,,,,,,,,,,,,,,,,
,,,,,,,,,,,,,,,,,,
,,,,,,,,,,,,,,,,,,
,,,,,,,,,,,,,,,,,,
,,,,,,,,,,,,,,,,,,
,,,,,,,,,,,,,,,,,,
,,,,,,,,,,,,,,,,,,
,,,,,,,,,,,,,,,,,,
,,,,,,,,,,,,,,,,,,
,,,,,,,,,,,,,,,,,,
,,,,,,,,,,,,,,,,,,
,,,,,,,,,,,,,,,,,,
,,,,,,,,,,,,,,,,,,
,,,,,,,,,,,,,,,,,,
,,,,,,,,,,,,,,,,,,
,,,,,,,,,,,,,,,,,,
,,,,,,,,,,,,,,,,,,
,,,,,,,,,,,,,,,,,,
,,,,,,,,,,,,,,,,,,
,,,,,,,,,,,,,,,,,,
,,,,,,,,,,,,,,,,,,
,,,,,,,,,,,,,,,,,,
,,,,,,,,,,,,,,,,,,
,,,,,,,,,,,,,,,,,,
,,,,,,,,,,,,,,,,,,
,,,,,,,,,,,,,,,,,,
,,,,,,,,,,,,,,,,,,
,,,,,,,,,,,,,,,,,,
,,,,,,,,,,,,,,,,,,
,,,,,,,,,,,,,,,,,,
,,,,,,,,,,,,,,,,,,
,,,,,,,,,,,,,,,,,,
,,,,,,,,,,,,,,,,,,
,,,,,,,,,,,,,,,,,,
,,,,,,,,,,,,,,,,,,
,,,,,,,,,,,,,,,,,,
,,,,,,,,,,,,,,,,,,
,,,,,,,,,,,,,,,,,,
,,,,,,,,,,,,,,,,,,
,,,,,,,,,,,,,,,,,,
,,,,,,,,,,,,,,,,,,
,,,,,,,,,,,,,,,,,,
,,,,,,,,,,,,,,,,,,
,,,,,,,,,,,,,,,,,,
,,,,,,,,,,,,,,,,,,
,,,,,,,,,,,,,,,,,,
,,,,,,,,,,,,,,,,,,
,,,,,,,,,,,,,,,,,,
,,,,,,,,,,,,,,,,,,
,,,,,,,,,,,,,,,,,,
,,,,,,,,,,,,,,,,,,
,,,,,,,,,,,,,,,,,,
,,,,,,,,,,,,,,,,,,
,,,,,,,,,,,,,,,,,,
,,,,,,,,,,,,,,,,,,
,,,,,,,,,,,,,,,,,,
,,,,,,,,,,,,,,,,,,
,,,,,,,,,,,,,,,,,,
,,,,,,,,,,,,,,,,,,
,,,,,,,,,,,,,,,,,,
,,,,,,,,,,,,,,,,,,
,,,,,,,,,,,,,,,,,,
,,,,,,,,,,,,,,,,,,
,,,,,,,,,,,,,,,,,,
,,,,,,,,,,,,,,,,,,
,,,,,,,,,,,,,,,,,,
,,,,,,,,,,,,,,,,,,
,,,,,,,,,,,,,,,,,,
,,,,,,,,,,,,,,,,,,
,,,,,,,,,,,,,,,,,,
,,,,,,,,,,,,,,,,,,
,,,,,,,,,,,,,,,,,,
,,,,,,,,,,,,,,,,,,
,,,,,,,,,,,,,,,,,,
,,,,,,,,,,,,,,,,,,
,,,,,,,,,,,,,,,,,,
,,,,,,,,,,,,,,,,,,
,,,,,,,,,,,,,,,,,,
,,,,,,,,,,,,,,,,,,
,,,,,,,,,,,,,,,,,,
,,,,,,,,,,,,,,,,,,
,,,,,,,,,,,,,,,,,,
,,,,,,,,,,,,,,,,,,
,,,,,,,,,,,,,,,,,,
,,,,,,,,,,,,,,,,,,
,,,,,,,,,,,,,,,,,,
,,,,,,,,,,,,,,,,,,
,,,,,,,,,,,,,,,,,,
,,,,,,,,,,,,,,,,,,
,,,,,,,,,,,,,,,,,,
,,,,,,,,,,,,,,,,,,
,,,,,,,,,,,,,,,,,,
,,,,,,,,,,,,,,,,,,
,,,,,,,,,,,,,,,,,,
,,,,,,,,,,,,,,,,,,
,,,,,,,,,,,,,,,,,,
,,,,,,,,,,,,,,,,,,
,,,,,,,,,,,,,,,,,,
,,,,,,,,,,,,,,,,,,
,,,,,,,,,,,,,,,,,,
,,,,,,,,,,,,,,,,,,
,,,,,,,,,,,,,,,,,,
,,,,,,,,,,,,,,,,,,
,,,,,,,,,,,,,,,,,,
,,,,,,,,,,,,,,,,,,
,,,,,,,,,,,,,,,,,,
,,,,,,,,,,,,,,,,,,
,,,,,,,,,,,,,,,,,,
,,,,,,,,,,,,,,,,,,
,,,,,,,,,,,,,,,,,,
,,,,,,,,,,,,,,,,,,
,,,,,,,,,,,,,,,,,,
,,,,,,,,,,,,,,,,,,
,,,,,,,,,,,,,,,,,,
,,,,,,,,,,,,,,,,,,
,,,,,,,,,,,,,,,,,,
,,,,,,,,,,,,,,,,,,
,,,,,,,,,,,,,,,,,,
,,,,,,,,,,,,,,,,,,
,,,,,,,,,,,,,,,,,,
,,,,,,,,,,,,,,,,,,
,,,,,,,,,,,,,,,,,,
,,,,,,,,,,,,,,,,,,
,,,,,,,,,,,,,,,,,,
,,,,,,,,,,,,,,,,,,
,,,,,,,,,,,,,,,,,,
,,,,,,,,,,,,,,,,,,
,,,,,,,,,,,,,,,,,,
,,,,,,,,,,,,,,,,,,
,,,,,,,,,,,,,,,,,,
,,,,,,,,,,,,,,,,,,
,,,,,,,,,,,,,,,,,,
,,,,,,,,,,,,,,,,,,
,,,,,,,,,,,,,,,,,,
,,,,,,,,,,,,,,,,,,
,,,,,,,,,,,,,,,,,,
,,,,,,,,,,,,,,,,,,
,,,,,,,,,,,,,,,,,,
,,,,,,,,,,,,,,,,,,
,,,,,,,,,,,,,,,,,,
,,,,,,,,,,,,,,,,,,
,,,,,,,,,,,,,,,,,,
,,,,,,,,,,,,,,,,,,
,,,,,,,,,,,,,,,,,,
,,,,,,,,,,,,,,,,,,
,,,,,,,,,,,,,,,,,,
,,,,,,,,,,,,,,,,,,
,,,,,,,,,,,,,,,,,,
,,,,,,,,,,,,,,,,,,
,,,,,,,,,,,,,,,,,,
,,,,,,,,,,,,,,,,,,
,,,,,,,,,,,,,,,,,,
,,,,,,,,,,,,,,,,,,
,,,,,,,,,,,,,,,,,,
,,,,,,,,,,,,,,,,,,
,,,,,,,,,,,,,,,,,,
,,,,,,,,,,,,,,,,,,
,,,,,,,,,,,,,,,,,,
,,,,,,,,,,,,,,,,,,
,,,,,,,,,,,,,,,,,,
,,,,,,,,,,,,,,,,,,
,,,,,,,,,,,,,,,,,,
,,,,,,,,,,,,,,,,,,
,,,,,,,,,,,,,,,,,,
,,,,,,,,,,,,,,,,,,
,,,,,,,,,,,,,,,,,,
,,,,,,,,,,,,,,,,,,
,,,,,,,,,,,,,,,,,,
,,,,,,,,,,,,,,,,,,
,,,,,,,,,,,,,,,,,,
,,,,,,,,,,,,,,,,,,
,,,,,,,,,,,,,,,,,,
,,,,,,,,,,,,,,,,,,
,,,,,,,,,,,,,,,,,,
,,,,,,,,,,,,,,,,,,
,,,,,,,,,,,,,,,,,,
,,,,,,,,,,,,,,,,,,
,,,,,,,,,,,,,,,,,,
,,,,,,,,,,,,,,,,,,
,,,,,,,,,,,,,,,,,,
,,,,,,,,,,,,,,,,,,
,,,,,,,,,,,,,,,,,,
,,,,,,,,,,,,,,,,,,
,,,,,,,,,,,,,,,,,,
,,,,,,,,,,,,,,,,,,
,,,,,,,,,,,,,,,,,,
,,,,,,,,,,,,,,,,,,
,,,,,,,,,,,,,,,,,,
,,,,,,,,,,,,,,,,,,
,,,,,,,,,,,,,,,,,,
,,,,,,,,,,,,,,,,,,
,,,,,,,,,,,,,,,,,,
,,,,,,,,,,,,,,,,,,
,,,,,,,,,,,,,,,,,,
,,,,,,,,,,,,,,,,,,
,,,,,,,,,,,,,,,,,,
,,,,,,,,,,,,,,,,,,
,,,,,,,,,,,,,,,,,,
,,,,,,,,,,,,,,,,,,
,,,,,,,,,,,,,,,,,,
,,,,,,,,,,,,,,,,,,
,,,,,,,,,,,,,,,,,,
,,,,,,,,,,,,,,,,,,
,,,,,,,,,,,,,,,,,,
,,,,,,,,,,,,,,,,,,
,,,,,,,,,,,,,,,,,,
,,,,,,,,,,,,,,,,,,
,,,,,,,,,,,,,,,,,,
,,,,,,,,,,,,,,,,,,
,,,,,,,,,,,,,,,,,,
,,,,,,,,,,,,,,,,,,
,,,,,,,,,,,,,,,,,,
,,,,,,,,,,,,,,,,,,
,,,,,,,,,,,,,,,,,,
,,,,,,,,,,,,,,,,,,
,,,,,,,,,,,,,,,,,,
,,,,,,,,,,,,,,,,,,
,,,,,,,,,,,,,,,,,,
,,,,,,,,,,,,,,,,,,
,,,,,,,,,,,,,,,,,,
,,,,,,,,,,,,,,,,,,
